 | 1ESOE | AAS   | EF    | P-1   | 1 | 1 | 
 | 2ESOH | AAS   | TEC   | 301   | 1 | 2 | 
 | 3ESOA | AAS   | EF    | P-3   | 1 | 2 | 
 | 2ESOF | AAS   | TEC   | 301   | 1 | 3 | 
 | 1ESOH | AAS   | EF    | P-3   | 1 | 5 | 
 | 2ESOG | AAS   | TEC   | 301   | 2 | 1 | 
 | 4ESOB | AAS   | EF    | P-3   | 2 | 1 | 
 | 1ESOG | AAS   | TAP   | 301   | 2 | 2 | 
 | 1ESOH | AAS   | TAP   | 301   | 2 | 2 | 
 | 1ESOI | AAS   | TAP   | 301   | 2 | 2 | 
 | 1BS   | AAS   | EFI   | P-2   | 2 | 2 | 
 | 4ESOD | AAS   | EF    | 5S    | 2 | 3 | 
 | 1BCT  | AAS   | EFI   | 5S    | 2 | 5 | 
 | 2ESOE | AAS   | TEC   | 301   | 2 | 6 | 
 | 3ESOB | AAS   | EF    | P-1   | 3 | 1 | 
 | 2ESOE | AAS   | TEC   | 301   | 3 | 2 | 
 | 1ESOD | AAS   | EF    | P-3   | 3 | 3 | 
 | 2ESOH | AAS   | TEC   | 301   | 3 | 3 | 
 | 1ESOA | AAS   | TAP   | 301   | 3 | 5 | 
 | 1ESOB | AAS   | TAP   | 301   | 3 | 5 | 
 | 1ESOC | AAS   | TAP   | 301   | 3 | 5 | 
 | 1ESOH | AAS   | EF    | P-1   | 3 | 5 | 
 | 3ESOA | AAS   | EF    | 5S    | 3 | 6 | 
 | 1ESOA | AAS   | TAP   | 301   | 4 | 1 | 
 | 1ESOB | AAS   | TAP   | 301   | 4 | 1 | 
 | 1ESOC | AAS   | TAP   | 301   | 4 | 1 | 
 | 1BS   | AAS   | EFI   | 5S    | 4 | 1 | 
 | 1ESOG | AAS   | TAP   | 301   | 4 | 2 | 
 | 1ESOH | AAS   | TAP   | 301   | 4 | 2 | 
 | 1ESOI | AAS   | TAP   | 301   | 4 | 2 | 
 | 4ESOB | AAS   | EF    | 5S    | 4 | 2 | 
 | 1ESOE | AAS   | EF    | P-2   | 4 | 3 | 
 | 2ESOG | AAS   | TEC   | 301   | 4 | 3 | 
 | 2ESOF | AAS   | TEC   | 414   | 4 | 5 | 
 | 4ESOD | AAS   | EF    | P-3   | 4 | 5 | 
 | 2ESOE | AAS   | TEC   | 413   | 5 | 1 | 
 | 2ESOF | AAS   | TEC   | 301   | 5 | 2 | 
 | 2ESOG | AAS   | TEC   | 416   | 5 | 3 | 
 | 3ESOB | AAS   | EF    | 5S    | 5 | 5 | 
 | 1BCT  | AAS   | EFI   | P-2   | 5 | 6 | 
 | 1ESOD | AAS   | EF    | P-3   | 5 | 7 | 
 | 2ESOH | AAS   | TEC   | 417   | 5 | 7 | 
 | 1ESOG | ACC   | MAT   | 411   | 1 | 1 | 
 | 1BCT  | ACC   | MAT   | 201   | 1 | 3 | 
 | 1ESOF | ACC   | LIBD2 | 411   | 1 | 5 | 
 | 1ESOG | ACC   | LIBD2 | 411   | 1 | 5 | 
 | 1BCT  | ACC   | MAT   | 201   | 2 | 1 | 
 | 1BCT  | ACC   | MAT   | 201   | 3 | 1 | 
 | 1ESOG | ACC   | MAT   | 411   | 3 | 2 | 
 | 1ESOF | ACC   | LIBD2 | 411   | 3 | 5 | 
 | 1ESOG | ACC   | LIBD2 | 411   | 3 | 5 | 
 | 1BCT  | ACC   | MAT   | 201   | 4 | 6 | 
 | 1ESOG | ACC   | MAT   | 411   | 4 | 7 | 
 | 1ESOG | ACC   | MAT   | 411   | 5 | 1 | 
 | 2FPB  | ADG   | PPVP  | 304   | 1 | 6 | 
 | 1FPB  | ADG   | TID   | 314   | 1 | 7 | 
 | 2FPB  | ADG   | PPVP  | 304   | 2 | 2 | 
 | 2FPB  | ADG   | PPVP  | 304   | 2 | 3 | 
 | 1FPB  | ADG   | TID   | 314   | 2 | 5 | 
 | 1FPB  | ADG   | TID   | 314   | 2 | 6 | 
 | 1FPB  | ADG   | TID   | 314   | 3 | 1 | 
 | 2AFI  | ADG   | GLYC  | 114   | 3 | 2 | 
 | 2AFI  | ADG   | GLYC  | 114   | 3 | 3 | 
 | 2FPB  | ADG   | PPVP  | 304   | 3 | 5 | 
 | 2AFI  | ADG   | GLYC  | 114   | 4 | 1 | 
 | 2AFI  | ADG   | GLYC  | 114   | 4 | 2 | 
 | 2FPB  | ADG   | TUT   | 304   | 4 | 5 | 
 | 1FPB  | ADG   | TID   | 314   | 4 | 6 | 
 | 1FPB  | ADG   | TID   | 314   | 4 | 7 | 
 | 1FPB  | ADG   | TID   | 314   | 5 | 5 | 
 | 2FPB  | ADG   | UFP   | 304   | 5 | 6 | 
 | 2AFI  | ADG   | GLYC  | 114   | 5 | 7 | 
 | 4ESOB | AGA   | TUT   | 525   | 1 | 5 | 
 | 3ESOD | AGA   | LCL   | 117   | 1 | 6 | 
 | 1ESOB | AGA   | LCL   | 402   | 1 | 7 | 
 | 2ESOF | AGA   | LIBD4 | 414   | 2 | 3 | 
 | 2ESOG | AGA   | LIBD4 | 414   | 2 | 3 | 
 | 2ESOH | AGA   | LIBD4 | 414   | 2 | 3 | 
 | 1ESOA | AGA   | LIBD1 | 423   | 2 | 5 | 
 | 1ESOB | AGA   | LIBD1 | 423   | 2 | 5 | 
 | 1ESOC | AGA   | LIBD1 | 423   | 2 | 5 | 
 | 4ESOB | AGA   | LCL   | 525   | 2 | 6 | 
 | 3ESOD | AGA   | LCL   | 117   | 2 | 7 | 
 | 3ESOA | AGA   | LIBD1 | 514   | 3 | 3 | 
 | 3ESOB | AGA   | LIBD1 | 514   | 3 | 3 | 
 | 3ESOC | AGA   | LIBD1 | 514   | 3 | 3 | 
 | 3ESOD | AGA   | LCL   | 117   | 3 | 5 | 
 | 3ESOD | AGA   | LIBD1 | 424   | 3 | 6 | 
 | 3ESOG | AGA   | LIBD1 | 424   | 3 | 6 | 
 | 1ESOB | AGA   | LCL   | 402   | 3 | 7 | 
 | 4ESOB | AGA   | LCL   | 525   | 4 | 5 | 
 | 3ESOD | AGA   | LCL   | 117   | 4 | 6 | 
 | 1ESOB | AGA   | LCL   | 402   | 4 | 7 | 
 | 1ESOA | AGA   | LIBD1 | 423   | 5 | 3 | 
 | 1ESOB | AGA   | LIBD1 | 423   | 5 | 3 | 
 | 1ESOC | AGA   | LIBD1 | 423   | 5 | 3 | 
 | 4ESOB | AGA   | LCL   | 525   | 5 | 5 | 
 | 1ESOB | AGA   | LCL   | 402   | 5 | 7 | 
 | 2ESOE | AGC   | FyQ   | 413   | 1 | 1 | 
 | 3ESOF | AGC   | FQU   | 425   | 1 | 2 | 
 | 3ESOC | AGC   | FQU   | 113   | 1 | 3 | 
 | 2ESOB | AGC   | FyQ   | 423   | 2 | 1 | 
 | 2ESOA | AGC   | FyQ   | 422   | 2 | 2 | 
 | 2ESOE | AGC   | FyQ   | 413   | 2 | 5 | 
 | 4ESOC | AGC   | FYQ   | 302   | 2 | 6 | 
 | 2ESOB | AGC   | FyQ   | 423   | 3 | 1 | 
 | 4ESOC | AGC   | FYQ   | 302   | 3 | 2 | 
 | 2ESOA | AGC   | FyQ   | 422   | 4 | 1 | 
 | 2ESOA | AGC   | TUT   | 422   | 4 | 2 | 
 | 3ESOF | AGC   | FQU   | 425   | 4 | 3 | 
 | 2ESOB | AGC   | FyQ   | 423   | 5 | 1 | 
 | 3ESOC | AGC   | FQU   | 113   | 5 | 3 | 
 | 4ESOC | AGC   | FYQ   | 302   | 5 | 5 | 
 | 2ESOA | AGC   | FyQ   | 422   | 5 | 6 | 
 | 2ESOE | AGC   | FyQ   | 413   | 5 | 7 | 
 | 1ESOD | AGF   | LIBD1 | 409   | 1 | 5 | 
 | 1ESOE | AGF   | LIBD1 | 409   | 1 | 5 | 
 | 1ESOG | AGF   | TUT   | 411   | 1 | 6 | 
 | 1ESOD | AGF   | LCL   | 404   | 1 | 7 | 
 | 1ESOD | AGF   | LCL   | 404   | 2 | 2 | 
 | 1ESOG | AGF   | LCL   | 411   | 2 | 5 | 
 | 1ESOD | AGF   | LIBD7 | 409   | 2 | 6 | 
 | 1ESOE | AGF   | LIBD7 | 409   | 2 | 6 | 
 | 1ESOF | AGF   | LIBD7 | 409   | 2 | 6 | 
 | 2ESOA | AGF   | LCL   | 422   | 2 | 7 | 
 | 2ESOA | AGF   | LCL   | 422   | 3 | 3 | 
 | 1ESOD | AGF   | LIBD1 | 409   | 3 | 5 | 
 | 1ESOE | AGF   | LIBD1 | 409   | 3 | 5 | 
 | 1ESOD | AGF   | LCL   | 404   | 3 | 6 | 
 | 1ESOG | AGF   | LCL   | 411   | 3 | 7 | 
 | 1ESOG | AGF   | LCL   | 411   | 4 | 3 | 
 | 2ESOA | AGF   | LCL   | 422   | 4 | 5 | 
 | 1ESOD | AGF   | LIBD7 | 409   | 4 | 6 | 
 | 1ESOE | AGF   | LIBD7 | 409   | 4 | 6 | 
 | 1ESOF | AGF   | LIBD7 | 409   | 4 | 6 | 
 | 1ESOD | AGF   | LCL   | 404   | 4 | 7 | 
 | 1ESOG | AGF   | LCL   | 411   | 5 | 6 | 
 | 2ESOA | AGF   | LCL   | 422   | 5 | 7 | 
 | 3ESOB | AGR   | AMBLS | 408   | 1 | 2 | 
 | 3ESOC | AGR   | AMBLS | 408   | 1 | 2 | 
 | 1BSH  | AGR   | LUN   | 211   | 1 | 3 | 
 | 1BA   | AGR   | LUN   | 211   | 1 | 3 | 
 | 3ESOB | AGR   | AMBLS | 408   | 1 | 7 | 
 | 3ESOC | AGR   | AMBLS | 408   | 1 | 7 | 
 | 3ESOB | AGR   | AMBLS | 408   | 2 | 1 | 
 | 3ESOC | AGR   | AMBLS | 408   | 2 | 1 | 
 | 1BSH  | AGR   | LUN   | 211   | 2 | 3 | 
 | 1BA   | AGR   | LUN   | 211   | 2 | 3 | 
 | 1ESOH | AGR   | LIBD4 | 203   | 2 | 6 | 
 | 1ESOI | AGR   | LIBD4 | 203   | 2 | 6 | 
 | 2BSH  | AGR   | MLCP1 | 513   | 3 | 3 | 
 | 3ESOB | AGR   | AMBLS | 408   | 3 | 5 | 
 | 3ESOC | AGR   | AMBLS | 408   | 3 | 5 | 
 | 3ESOD | AGR   | LIBD4 | 117   | 3 | 6 | 
 | 3ESOE | AGR   | LIBD4 | 117   | 3 | 6 | 
 | 3ESOB | AGR   | AMBLS | 408   | 4 | 1 | 
 | 3ESOC | AGR   | AMBLS | 408   | 4 | 1 | 
 | 1BSH  | AGR   | LUN   | 211   | 4 | 3 | 
 | 1BA   | AGR   | LUN   | 211   | 4 | 3 | 
 | 3ESOB | AGR   | AMBLS | 408   | 4 | 6 | 
 | 3ESOC | AGR   | AMBLS | 408   | 4 | 6 | 
 | 3ESOB | AGR   | AMBLS | 408   | 5 | 1 | 
 | 3ESOC | AGR   | AMBLS | 408   | 5 | 1 | 
 | 1ESOH | AGR   | LIBD4 | 203   | 5 | 2 | 
 | 1ESOI | AGR   | LIBD4 | 203   | 5 | 2 | 
 | 2BSH  | AGR   | MLCP1 | 513   | 5 | 3 | 
 | 1BSH  | AGR   | LUN   | 211   | 5 | 6 | 
 | 1BA   | AGR   | LUN   | 211   | 5 | 6 | 
 | 4ESOA | AGZ   | REL   | 303   | 1 | 1 | 
 | 1ESOD | AGZ   | REL   | 404   | 1 | 2 | 
 | 4ESOD | AGZ   | REL   | 522   | 1 | 3 | 
 | 2BSH  | AGZ   | REL   | 513   | 1 | 5 | 
 | 1BCT  | AGZ   | REL   | 201   | 1 | 6 | 
 | 1ESOA | AGZ   | REL   | 403   | 2 | 1 | 
 | 1ESOC | AGZ   | REL   | 403   | 2 | 1 | 
 | 3ESOE | AGZ   | REL   | 512   | 2 | 2 | 
 | 3ESOF | AGZ   | REL   | 425   | 2 | 3 | 
 | 3ESOC | AGZ   | REL   | 113   | 2 | 5 | 
 | 2ESOA | AGZ   | REL   | 424   | 2 | 6 | 
 | 2ESOC | AGZ   | REL   | 424   | 2 | 6 | 
 | 2ESOG | AGZ   | REL   | 416   | 3 | 2 | 
 | 2BS   | AGZ   | REL   | 521   | 3 | 3 | 
 | 1BS   | AGZ   | REL   | 501   | 3 | 5 | 
 | 1BA   | AGZ   | REL   | 501   | 3 | 5 | 
 | 1BSH  | AGZ   | REL   | 502   | 3 | 6 | 
 | 2ESOF | AGZ   | REL   | 414   | 4 | 3 | 
 | 2ESOH | AGZ   | REL   | 417   | 5 | 1 | 
 | 4ESOF | AGZ   | REL   | 514   | 5 | 5 | 
 | 1ESOH | AGZ   | REL   | 201   | 5 | 6 | 
 | 1ESOI | AGZ   | REL   | 201   | 5 | 6 | 
 | 1ESOH | AHG   | MAT   | 202   | 1 | 2 | 
 | 3ESOE | AHG   | MAC   | 512   | 1 | 5 | 
 | 2BCT  | AHG   | MAT   | 526   | 2 | 1 | 
 | 1ESOH | AHG   | MAT   | 202   | 2 | 3 | 
 | 3ESOA | AHG   | MAC   | 406   | 2 | 6 | 
 | 3ESOB | AHG   | MAC   | 406   | 2 | 6 | 
 | 3ESOE | AHG   | MAC   | 512   | 3 | 1 | 
 | 3ESOA | AHG   | MAC   | 406   | 3 | 2 | 
 | 3ESOB | AHG   | MAC   | 406   | 3 | 2 | 
 | 2BCT  | AHG   | MAT   | 526   | 3 | 3 | 
 | 3ESOE | AHG   | MAC   | 512   | 4 | 1 | 
 | 3ESOA | AHG   | MAC   | 406   | 4 | 2 | 
 | 3ESOB | AHG   | MAC   | 406   | 4 | 2 | 
 | 1ESOH | AHG   | MAT   | 202   | 4 | 5 | 
 | 2BCT  | AHG   | MAT   | 526   | 4 | 6 | 
 | 1ESOH | AHG   | MAT   | 202   | 5 | 1 | 
 | 3ESOA | AHG   | MAC   | 406   | 5 | 2 | 
 | 3ESOB | AHG   | MAC   | 406   | 5 | 2 | 
 | 3ESOE | AHG   | MAC   | 512   | 5 | 5 | 
 | 2BCT  | AHG   | MAT   | 526   | 5 | 7 | 
 | 1ESOC | AHH   | MAT   | 403   | 1 | 3 | 
 | 4ESOD | AHH   | MAC   | 522   | 1 | 5 | 
 | 2ESOF | AHH   | MAT   |       | 1 | 6 | 
 | 4ESOC | AHH   | MAC   | 118   | 1 | 7 | 
 | 4ESOC | AHH   | MAC   | 118   | 2 | 3 | 
 | 1ESOB | AHH   | LIBD2 | 403   | 2 | 5 | 
 | 1ESOC | AHH   | LIBD2 | 403   | 2 | 5 | 
 | 1ESOC | AHH   | MAT   | 403   | 2 | 7 | 
 | 1ESOC | AHH   | MAT   | 403   | 3 | 1 | 
 | 4ESOD | AHH   | MAC   | 522   | 3 | 2 | 
 | 4ESOC | AHH   | MAC   | 118   | 3 | 5 | 
 | 2ESOF | AHH   | MAT   |       | 3 | 7 | 
 | 4ESOC | AHH   | TUT   | 118   | 4 | 1 | 
 | 4ESOC | AHH   | MAC   | 118   | 4 | 5 | 
 | 4ESOD | AHH   | MAC   | 522   | 4 | 6 | 
 | 1ESOC | AHH   | MAT   | 403   | 5 | 1 | 
 | 4ESOD | AHH   | MAC   | 522   | 5 | 2 | 
 | 1ESOB | AHH   | LIBD2 | 403   | 5 | 3 | 
 | 1ESOC | AHH   | LIBD2 | 403   | 5 | 3 | 
 | 1BSH  | AIS   | FIL   | 502   | 1 | 1 | 
 | 2BS   | AIS   | PSI   | 521   | 1 | 5 | 
 | 2BSH  | AIS   | PSI   | 526   | 1 | 7 | 
 | 2BCT  | AIS   | PSI   | 526   | 1 | 7 | 
 | 2BS   | AIS   | PSI   | 521   | 2 | 1 | 
 | 1ESOG | AIS   | CSG   | 203   | 2 | 2 | 
 | 1ESOH | AIS   | CSG   | 203   | 2 | 2 | 
 | 1ESOI | AIS   | CSG   | 203   | 2 | 2 | 
 | 2BSH  | AIS   | PSI   | 526   | 2 | 3 | 
 | 2BCT  | AIS   | PSI   | 526   | 2 | 3 | 
 | 1BS   | AIS   | FIL   | 501   | 2 | 5 | 
 | 1BSH  | AIS   | FIL   | 502   | 2 | 7 | 
 | 2BSH  | AIS   | PSI   | 526   | 3 | 1 | 
 | 2BCT  | AIS   | PSI   | 526   | 3 | 1 | 
 | 2BS   | AIS   | PSI   | 521   | 3 | 5 | 
 | 1BS   | AIS   | FIL   | 501   | 3 | 6 | 
 | 2BSH  | AIS   | PSI   | 526   | 4 | 1 | 
 | 2BCT  | AIS   | PSI   | 526   | 4 | 1 | 
 | 1ESOG | AIS   | CSG   | 203   | 4 | 2 | 
 | 1ESOH | AIS   | CSG   | 203   | 4 | 2 | 
 | 1ESOI | AIS   | CSG   | 203   | 4 | 2 | 
 | 2BS   | AIS   | PSI   | 521   | 5 | 1 | 
 | 1BS   | AIS   | FIL   | 501   | 5 | 2 | 
 | 1BSH  | AIS   | FIL   | 502   | 5 | 3 | 
 | 2ESOB | AMR   | AMBCM | 302   | 1 | 3 | 
 | 2ESOC | AMR   | AMBCM | 302   | 1 | 3 | 
 | 2BCT  | AMR   | BIO   | 526   | 1 | 6 | 
 | 2ESOB | AMR   | AMBCM | TIC1  | 1 | 7 | 
 | 2ESOC | AMR   | AMBCM | TIC1  | 1 | 7 | 
 | 2ESOB | AMR   | AMBCM | 302   | 2 | 1 | 
 | 2ESOC | AMR   | AMBCM | 302   | 2 | 1 | 
 | 3ESOC | AMR   | BYG   | 113   | 2 | 2 | 
 | 3ESOF | AMR   | BYG   | 425   | 2 | 7 | 
 | 2ESOB | AMR   | AMBCM | 302   | 3 | 1 | 
 | 2ESOC | AMR   | AMBCM | 302   | 3 | 1 | 
 | 3ESOG | AMR   | BYG   | 426   | 3 | 2 | 
 | 2ESOB | AMR   | AMBCM | 302   | 3 | 3 | 
 | 2ESOC | AMR   | AMBCM | 302   | 3 | 3 | 
 | 2ESOB | AMR   | AMBCM | TIC1  | 3 | 5 | 
 | 2ESOC | AMR   | AMBCM | TIC1  | 3 | 5 | 
 | 2BCT  | AMR   | BIO   | 526   | 3 | 6 | 
 | 2BCT  | AMR   | BIO   | 526   | 4 | 3 | 
 | 2ESOB | AMR   | AMBCM | 302   | 4 | 5 | 
 | 2ESOC | AMR   | AMBCM | 302   | 4 | 5 | 
 | 3ESOC | AMR   | BYG   | 113   | 4 | 7 | 
 | 2ESOB | AMR   | AMBCM | TIC1  | 5 | 1 | 
 | 2ESOC | AMR   | AMBCM | TIC1  | 5 | 1 | 
 | 3ESOG | AMR   | BYG   | 426   | 5 | 2 | 
 | 2BCT  | AMR   | BIO   | 526   | 5 | 3 | 
 | 3ESOF | AMR   | BYG   | 425   | 5 | 6 | 
 | 3ESOA | ANO   | LCL   | 311   | 1 | 1 | 
 | 3ESOC | ANO   | LCL   | 113   | 1 | 2 | 
 | 3ESOC | ANO   | LCL   | 113   | 2 | 1 | 
 | 3ESOA | ANO   | LCL   | 311   | 2 | 2 | 
 | 2ESOF | ANO   | LIBD1 | 411   | 2 | 3 | 
 | 2ESOH | ANO   | LIBD1 | 411   | 2 | 3 | 
 | 2ESOH | ANO   | LCL   | 417   | 2 | 5 | 
 | 1BS   | ANO   | LCL   | 501   | 2 | 6 | 
 | 3ESOA | ANO   | LCL   | 311   | 3 | 1 | 
 | 2ESOH | ANO   | LCL   | 417   | 3 | 2 | 
 | 3ESOA | ANO   | LIBD4 | 113   | 3 | 3 | 
 | 3ESOB | ANO   | LIBD4 | 113   | 3 | 3 | 
 | 3ESOC | ANO   | LIBD4 | 113   | 3 | 3 | 
 | 3ESOE | ANO   | LIBD1 | 512   | 3 | 6 | 
 | 3ESOF | ANO   | LIBD1 | 512   | 3 | 6 | 
 | 3ESOC | ANO   | LCL   | 113   | 4 | 1 | 
 | 1BS   | ANO   | LCL   | 501   | 4 | 2 | 
 | 2ESOH | ANO   | LCL   | 417   | 4 | 3 | 
 | 3ESOC | ANO   | LCL   | 113   | 5 | 1 | 
 | 2ESOH | ANO   | LCL   | 417   | 5 | 2 | 
 | 1BS   | ANO   | LCL   | 501   | 5 | 3 | 
 | 3ESOA | ANO   | LCL   | 311   | 5 | 6 | 
 | 4ESOC | AO    | REV   | 113   | 1 | 1 | 
 | 2ESOE | AO    | REV   | 414   | 1 | 3 | 
 | 3ESOA | AO    | REV   | 203   | 1 | 5 | 
 | 1ESOF | AO    | REV   | 412   | 1 | 6 | 
 | 1ESOB | AOV   | MAT   | 402   | 1 | 1 | 
 | 1ESOA | AOV   | MAT   | 401   | 1 | 2 | 
 | 3ESOG | AOV   | MAC   | 426   | 1 | 5 | 
 | 1ESOI | AOV   | MAT   | 203   | 1 | 6 | 
 | 1ESOI | AOV   | MAT   | 203   | 2 | 5 | 
 | 1ESOB | AOV   | MAT   | 402   | 2 | 6 | 
 | 1ESOA | AOV   | MAT   | 401   | 2 | 7 | 
 | 3ESOG | AOV   | MAC   | 426   | 3 | 1 | 
 | 1ESOA | AOV   | TUT   | 401   | 3 | 2 | 
 | 1ESOB | AOV   | MAT   | 402   | 3 | 3 | 
 | 1ESOI | AOV   | MAT   | 203   | 3 | 5 | 
 | 1ESOA | AOV   | MAT   | 401   | 3 | 6 | 
 | 3ESOG | AOV   | MAC   | 426   | 4 | 1 | 
 | 1ESOA | AOV   | MAT   | 401   | 4 | 2 | 
 | 1ESOI | AOV   | MAT   | 203   | 4 | 3 | 
 | 1ESOB | AOV   | MAT   | 402   | 4 | 6 | 
 | 3ESOG | AOV   | MAC   | 426   | 5 | 5 | 
 | 1BPA  | APM   | DTEL  |       | 1 | 5 | 
 | 1BSH  | APM   | CEYE  | 524   | 1 | 7 | 
 | 1BPA  | APM   | DTEL  |       | 2 | 2 | 
 | 1BPA  | APM   | DTEL  |       | 2 | 6 | 
 | 4ESOA | APM   | ECO   | 303   | 2 | 7 | 
 | 1BPA  | APM   | ECO   |       | 2 | 10 | 
 | 1BPA  | APM   | ECO   |       | 2 | 11 | 
 | 1BSH  | APM   | CEYE  | 524   | 3 | 3 | 
 | 4ESOA | APM   | ECO   | 303   | 3 | 7 | 
 | 2BPA  | APM   | ECE   |       | 4 | 9 | 
 | 2BPA  | APM   | ECE   |       | 4 | 10 | 
 | 1BPA  | APM   | CEYE  |       | 4 | 11 | 
 | 2BPA  | APM   | DTEL  |       | 5 | 3 | 
 | 2BPA  | APM   | DTEL  |       | 5 | 5 | 
 | 4ESOA | APM   | ECO   | 303   | 5 | 7 | 
 | 2ESOA | ARC   | MUS   | 4S    | 1 | 1 | 
 | 2ESOG | ARC   | MUS   | 416   | 1 | 2 | 
 | 2ESOD | ARC   | MUS   | 4S    | 1 | 6 | 
 | 2ESOC | ARC   | MUS   | 4S    | 1 | 7 | 
 | 1ESOI | ARC   | MuS   | 4S    | 2 | 1 | 
 | 4ESOB | ARC   | MUS   | TIC2  | 2 | 2 | 
 | 4ESOC | ARC   | MUS   | TIC2  | 2 | 2 | 
 | 4ESOF | ARC   | MUS   | TIC2  | 2 | 2 | 
 | 2ESOF | ARC   | MUS   | 4S    | 2 | 6 | 
 | 2ESOE | ARC   | MUS   | 4S    | 2 | 7 | 
 | 2ESOA | ARC   | MUS   | 422   | 3 | 1 | 
 | 4ESOB | ARC   | MUS   | 4S    | 3 | 3 | 
 | 4ESOC | ARC   | MUS   | 4S    | 3 | 3 | 
 | 4ESOF | ARC   | MUS   | 4S    | 3 | 3 | 
 | 2ESOC | ARC   | MUS   | 4S    | 3 | 5 | 
 | 1ESOI | ARC   | MuS   | 4S    | 4 | 1 | 
 | 2ESOD | ARC   | MUS   | 4S    | 4 | 2 | 
 | 4ESOB | ARC   | MUS   | 4S    | 4 | 3 | 
 | 4ESOC | ARC   | MUS   | 4S    | 4 | 3 | 
 | 4ESOF | ARC   | MUS   | 4S    | 4 | 3 | 
 | 2ESOF | ARC   | MUS   | 4S    | 4 | 6 | 
 | 2ESOE | ARC   | MUS   | 4S    | 4 | 7 | 
 | 2ESOG | ARC   | MUS   | 4S    | 5 | 1 | 
 | 2AFI  | ARG   | GRH   | 114   | 1 | 1 | 
 | 1ESOF | ARG   | LIBD1 | 112   | 1 | 5 | 
 | 1ESOG | ARG   | LIBD1 | 112   | 1 | 5 | 
 | 2ESOB | ARG   | LCL   | 423   | 1 | 6 | 
 | 2GA   | ARG   | TDC   | 100   | 1 | 6 | 
 | 1ESOI | ARG   | LCL   | 203   | 1 | 7 | 
 | 1ESOH | ARG   | LCL   | 202   | 2 | 1 | 
 | 2GA   | ARG   | TDC   | 100   | 2 | 1 | 
 | 2AFI  | ARG   | GRH   | 114   | 2 | 2 | 
 | 2ESOG | ARG   | LIBD1 | 416   | 2 | 3 | 
 | 1ESOH | ARG   | LIBD1 | 408   | 2 | 6 | 
 | 1ESOI | ARG   | LIBD1 | 408   | 2 | 6 | 
 | 1ESOI | ARG   | LCL   | 203   | 2 | 7 | 
 | 1ESOI | ARG   | LCL   | 203   | 3 | 1 | 
 | 2AFI  | ARG   | GRH   | 114   | 3 | 1 | 
 | 2ESOB | ARG   | LCL   | 423   | 3 | 2 | 
 | 1ESOH | ARG   | LCL   | 202   | 3 | 3 | 
 | 1ESOF | ARG   | LIBD1 | 112   | 3 | 5 | 
 | 1ESOG | ARG   | LIBD1 | 112   | 3 | 5 | 
 | 2ESOB | ARG   | LCL   | 423   | 4 | 2 | 
 | 1ESOH | ARG   | LCL   | 202   | 4 | 3 | 
 | 2ESOB | ARG   | LIBD1 | 423   | 4 | 6 | 
 | 2ESOE | ARG   | LIBD1 | 423   | 4 | 6 | 
 | 2GA   | ARG   | TDC   | 100   | 4 | 6 | 
 | 2GA   | ARG   | TDC   | 100   | 4 | 7 | 
 | 2GA   | ARG   | TDC   | 100   | 5 | 1 | 
 | 1ESOH | ARG   | LIBD1 | 408   | 5 | 2 | 
 | 1ESOI | ARG   | LIBD1 | 408   | 5 | 2 | 
 | 2GA   | ARG   | TDC   | 100   | 5 | 2 | 
 | 1ESOH | ARG   | LCL   | 202   | 5 | 3 | 
 | 2AFI  | ARG   | GRH   | 114   | 5 | 3 | 
 | 2ESOB | ARG   | LCL   | 423   | 5 | 5 | 
 | 1ESOI | ARG   | LCL   | 203   | 5 | 7 | 
 | 1BA   | ARM   | EFI   | 5S    | 1 | 2 | 
 | 4ESOA | ARM   | EF    | 5S    | 1 | 5 | 
 | 1ESOC | ARM   | EF    | P-2   | 1 | 7 | 
 | 3ESOD | ARM   | EF    | P-1   | 2 | 2 | 
 | 1ESOG | ARM   | EF    | P-2   | 2 | 3 | 
 | 3ESOG | ARM   | EF    | P-2   | 2 | 5 | 
 | 3ESOF | ARM   | EF    | 5S    | 2 | 6 | 
 | 3ESOE | ARM   | EF    | 5S    | 2 | 7 | 
 | 4ESOA | ARM   | EF    | P-3   | 3 | 2 | 
 | 1ESOF | ARM   | EF    | P-1   | 3 | 3 | 
 | 1ESOC | ARM   | EF    | P-2   | 3 | 6 | 
 | 1BSH  | ARM   | EFI   | 5S    | 3 | 7 | 
 | 1BA   | ARM   | EFI   | P-2   | 4 | 5 | 
 | 3ESOG | ARM   | EF    | 5S    | 4 | 6 | 
 | 3ESOE | ARM   | EF    | P-3   | 4 | 7 | 
 | 1BSH  | ARM   | EFI   | P-3   | 5 | 2 | 
 | 1ESOF | ARM   | EF    | P-1   | 5 | 3 | 
 | 1ESOG | ARM   | EF    | P-2   | 5 | 5 | 
 | 3ESOD | ARM   | EF    | 5S    | 5 | 6 | 
 | 3ESOF | ARM   | EF    | P-2   | 5 | 7 | 
 | 2SMR  | ASA   | SEGIN | 101   | 1 | 6 | 
 | 2SMR  | ASA   | SEGIN | 101   | 1 | 7 | 
 | 2SMR  | ASA   | SEGIN | 101   | 4 | 6 | 
 | 2SMR  | ASA   | SEGIN | 101   | 4 | 7 | 
 | 2SMR  | ASA   | SEGIN | 101   | 5 | 7 | 
 | 3ESOB | BBT   | AMBCM | 524   | 1 | 3 | 
 | 3ESOC | BBT   | AMBCM | 524   | 1 | 3 | 
 | 3ESOE | BBT   | FQU   | 502   | 1 | 6 | 
 | 2ESOH | BBT   | FyQ   | 417   | 1 | 7 | 
 | 3ESOB | BBT   | AMBCM | 524   | 2 | 2 | 
 | 3ESOC | BBT   | AMBCM | 524   | 2 | 2 | 
 | 4ESOB | BBT   | FYQ   | 525   | 2 | 3 | 
 | 3ESOB | BBT   | AMBCM | TIC1  | 2 | 6 | 
 | 3ESOC | BBT   | AMBCM | TIC1  | 2 | 6 | 
 | 2ESOH | BBT   | FyQ   | 417   | 2 | 7 | 
 | 4ESOB | BBT   | FYQ   | 525   | 3 | 1 | 
 | 3ESOB | BBT   | AMBCM | 524   | 3 | 2 | 
 | 3ESOC | BBT   | AMBCM | 524   | 3 | 2 | 
 | 2ESOH | BBT   | TUT   | 417   | 3 | 5 | 
 | 3ESOE | BBT   | FQU   | 502   | 3 | 7 | 
 | 3ESOB | BBT   | AMBCM | 524   | 4 | 2 | 
 | 3ESOC | BBT   | AMBCM | 524   | 4 | 2 | 
 | 2ESOH | BBT   | FyQ   | 417   | 4 | 6 | 
 | 3ESOB | BBT   | AMBCM | 524   | 4 | 7 | 
 | 3ESOC | BBT   | AMBCM | 524   | 4 | 7 | 
 | 4ESOB | BBT   | FYQ   | 525   | 5 | 1 | 
 | 3ESOB | BBT   | AMBCM | TIC2  | 5 | 2 | 
 | 3ESOC | BBT   | AMBCM | TIC2  | 5 | 2 | 
 | 3ESOB | BBT   | AMBCM | 524   | 5 | 3 | 
 | 3ESOC | BBT   | AMBCM | 524   | 5 | 3 | 
 | 1BA   | BMQ   | FR2   | 211   | 1 | 1 | 
 | 1BS   | BMQ   | FR2   | 501   | 1 | 2 | 
 | 1BPA  | BMQ   | DTEL  |       | 1 | 3 | 
 | 2BPA  | BMQ   | DTEL  |       | 1 | 5 | 
 | 2BSH  | BMQ   | FR2   | 513   | 1 | 7 | 
 | 2BCT  | BMQ   | FR2   | 513   | 1 | 7 | 
 | 2BSH  | BMQ   | FR2   | 513   | 2 | 3 | 
 | 2BCT  | BMQ   | FR2   | 513   | 2 | 3 | 
 | 1BPA  | BMQ   | FR2   |       | 2 | 9 | 
 | 2BPA  | BMQ   | FR2   |       | 2 | 10 | 
 | 2BPA  | BMQ   | FR2   |       | 2 | 11 | 
 | 2BSH  | BMQ   | FR2   | TIC2  | 3 | 1 | 
 | 2BCT  | BMQ   | FR2   | TIC2  | 3 | 1 | 
 | 1BS   | BMQ   | FR2   | 501   | 3 | 2 | 
 | 2BSH  | BMQ   | FR2   | 513   | 4 | 1 | 
 | 2BCT  | BMQ   | FR2   | 513   | 4 | 1 | 
 | 1BA   | BMQ   | FR2   | 211   | 4 | 7 | 
 | 2BPA  | BMQ   | DTEL  |       | 5 | 1 | 
 | 2AFI  | CAR   | CFI   | 114   | 2 | 6 | 
 | 2AFI  | CAR   | CFI   | 114   | 2 | 7 | 
 | 2AFI  | CAR   | CFI   | 114   | 3 | 7 | 
 | 2AFI  | CAR   | CFI   | 114   | 4 | 6 | 
 | 2AFI  | CAR   | CFI   | 114   | 4 | 7 | 
 | 2AFI  | CAR   | CFI   | 114   | 5 | 6 | 
 | 3ESOE | CGA   | CSG   | 512   | 1 | 3 | 
 | 3ESOF | CGA   | CSG   | 512   | 1 | 3 | 
 | 1BCT  | CGA   | ECDH  | 514   | 1 | 6 | 
 | 1BA   | CGA   | FIL   | 211   | 1 | 7 | 
 | 4ESOA | CGA   | FIL   | 303   | 2 | 2 | 
 | 4ESOB | CGA   | FIL   | 303   | 2 | 2 | 
 | 3ESOB | CGA   | CSG   | 113   | 2 | 3 | 
 | 3ESOC | CGA   | CSG   | 113   | 2 | 3 | 
 | 1BA   | CGA   | FIL   | 211   | 2 | 5 | 
 | 3ESOC | CGA   | ECDH  | 113   | 2 | 7 | 
 | 4ESOA | CGA   | FIL   | 303   | 3 | 3 | 
 | 4ESOB | CGA   | FIL   | 303   | 3 | 3 | 
 | 1BS   | CGA   | ECDH  | 211   | 3 | 5 | 
 | 1BA   | CGA   | ECDH  | 211   | 3 | 5 | 
 | 1BSH  | CGA   | ECDH  | 403   | 3 | 6 | 
 | 3ESOC | CGA   | TUT   | 113   | 3 | 7 | 
 | 4ESOA | CGA   | FIL   | 303   | 4 | 3 | 
 | 4ESOB | CGA   | FIL   | 303   | 4 | 3 | 
 | 3ESOB | CGA   | CSG   | 113   | 4 | 5 | 
 | 3ESOC | CGA   | CSG   | 113   | 4 | 5 | 
 | 3ESOF | CGA   | ECDH  | 425   | 4 | 7 | 
 | 3ESOE | CGA   | CSG   | 512   | 5 | 3 | 
 | 3ESOF | CGA   | CSG   | 512   | 5 | 3 | 
 | 1BA   | CGA   | FIL   | 211   | 5 | 5 | 
 | 3ESOE | CGA   | ECDH  | 512   | 5 | 7 | 
 | 2FPB  | CGR   | ARCHC | 304   | 1 | 1 | 
 | 1GA   | CGR   | CEAC  | 116   | 1 | 2 | 
 | 1GA   | CGR   | OACV  | 116   | 1 | 3 | 
 | 2FPB  | CGR   | ARCHC | 304   | 2 | 1 | 
 | 2FPB  | CGR   | ARCHC | 304   | 3 | 1 | 
 | 1GA   | CGR   | CEAC  | 116   | 3 | 2 | 
 | 1GA   | CGR   | OACV  | 116   | 4 | 1 | 
 | 2FPB  | CGR   | ARCHC | 304   | 4 | 2 | 
 | 1GA   | CGR   | CEAC  | 114   | 4 | 3 | 
 | 1GA   | CGR   | CEAC  | 114   | 4 | 5 | 
 | 1GA   | CGR   | CEAC  | 116   | 5 | 1 | 
 | 1GA   | CGR   | OACV  | 115   | 5 | 5 | 
 | 1GA   | CGR   | OACV  | 115   | 5 | 6 | 
 | 2FPB  | CGR   | ARCHC | 304   | 5 | 7 | 
 | 3ESOB | CJG   | TEC   | 301   | 1 | 1 | 
 | 3ESOG | CJG   | TEC   | 426   | 1 | 2 | 
 | 3ESOC | CJG   | TEC   | 301   | 1 | 5 | 
 | 4ESOE | CJG   | TEC   | 521   | 1 | 6 | 
 | 3ESOD | CJG   | TEC   | 301   | 1 | 7 | 
 | 3ESOB | CJG   | TEC   | 301   | 2 | 5 | 
 | 3ESOG | CJG   | TEC   | 426   | 2 | 6 | 
 | 4ESOF | CJG   | TEC   | 510   | 2 | 7 | 
 | 3ESOC | CJG   | TEC   | 301   | 3 | 1 | 
 | 4ESOF | CJG   | TEC   | 514   | 3 | 2 | 
 | 4ESOE | CJG   | TEC   | 111   | 3 | 3 | 
 | 3ESOB | CJG   | TEC   | 406   | 3 | 7 | 
 | 3ESOD | CJG   | TEC   | 117   | 4 | 1 | 
 | 4ESOE | CJG   | TEC   | 510   | 4 | 5 | 
 | 3ESOG | CJG   | TEC   | 301   | 4 | 7 | 
 | 3ESOD | CJG   | TEC   | 301   | 5 | 1 | 
 | 4ESOF | CJG   | TEC   | 514   | 5 | 3 | 
 | 3ESOC | CJG   | TEC   | 113   | 5 | 5 | 
 | 2DAW  | CMP   | DWECL | 104   | 1 | 1 | 
 | 2DAW  | CMP   | DWECL | 104   | 1 | 2 | 
 | 1SMR  | CMP   | MOMAE | 102   | 1 | 3 | 
 | 1SMR  | CMP   | MOMAE | 102   | 1 | 5 | 
 | 2DAW  | CMP   | HLC   | 104   | 2 | 1 | 
 | 1DAW  | CMP   | ENDES | 103   | 2 | 2 | 
 | 2DAW  | CMP   | DWECL | 104   | 2 | 3 | 
 | 2DAW  | CMP   | DWECL | 104   | 2 | 5 | 
 | 2DAW  | CMP   | HLC   | 104   | 3 | 1 | 
 | 1DAW  | CMP   | ENDES | 103   | 3 | 2 | 
 | 1SMR  | CMP   | MOMAE | 102   | 3 | 3 | 
 | 1SMR  | CMP   | MOMAE | 102   | 3 | 5 | 
 | 1SMR  | CMP   | MOMAE | 102   | 4 | 1 | 
 | 2DAW  | CMP   | DWECL | 104   | 4 | 3 | 
 | 2DAW  | CMP   | DWECL | 104   | 4 | 5 | 
 | 1SMR  | CMP   | MOMAE | 102   | 5 | 1 | 
 | 1SMR  | CMP   | MOMAE | 102   | 5 | 2 | 
 | 1DAW  | CMP   | ENDES | 103   | 5 | 3 | 
 | 2DAW  | CMP   | HLC   | 104   | 5 | 5 | 
 | 2ESOG | CMS   | LCL   | 416   | 1 | 1 | 
 | 1BS   | CMS   | LUN   | 404   | 1 | 3 | 
 | 1BSH  | CMS   | LUN   | 404   | 1 | 3 | 
 | 3ESOG | CMS   | LCL   | 426   | 1 | 7 | 
 | 3ESOG | CMS   | LCL   | 426   | 2 | 2 | 
 | 1BS   | CMS   | LUN   | 405   | 2 | 3 | 
 | 1BSH  | CMS   | LUN   | 405   | 2 | 3 | 
 | 4ESOC | CMS   | LAT   | 118   | 2 | 6 | 
 | 2ESOG | CMS   | LCL   | 416   | 2 | 7 | 
 | 2ESOG | CMS   | LCL   | 416   | 3 | 1 | 
 | 4ESOC | CMS   | LAT   | 118   | 3 | 2 | 
 | 3ESOG | CMS   | LCL   | 426   | 3 | 3 | 
 | 3ESOG | CMS   | TUT   | 426   | 3 | 5 | 
 | 3ESOF | CMS   | LIBD4 | 425   | 3 | 6 | 
 | 3ESOG | CMS   | LIBD4 | 425   | 3 | 6 | 
 | 2ESOG | CMS   | LCL   | 416   | 4 | 1 | 
 | 1BS   | CMS   | LUN   | TIC2  | 4 | 3 | 
 | 1BSH  | CMS   | LUN   | TIC2  | 4 | 3 | 
 | 4ESOC | CMS   | LAT   | 118   | 5 | 5 | 
 | 1BS   | CMS   | LUN   | 404   | 5 | 6 | 
 | 1BSH  | CMS   | LUN   | 404   | 5 | 6 | 
 | 3ESOG | CMS   | LCL   | 426   | 5 | 7 | 
 | 1BCT  | CMV   | DBT   | 415   | 1 | 1 | 
 | 2BCT  | CMV   | DBT   | 415   | 1 | 2 | 
 | 1ESOB | CMV   | EPVA  | 402   | 1 | 5 | 
 | 1ESOH | CMV   | EPVA  | 202   | 1 | 6 | 
 | 1ESOF | CMV   | EPVA  | 112   | 2 | 5 | 
 | 2BCT  | CMV   | DBT   | 415   | 2 | 6 | 
 | 2BCT  | CMV   | DBT   | 415   | 3 | 2 | 
 | 1ESOE | CMV   | EPVA  | 405   | 3 | 3 | 
 | 1BCT  | CMV   | DBT   | 415   | 3 | 6 | 
 | 1BCT  | CMV   | DBT   | 415   | 4 | 5 | 
 | 1ESOH | CMV   | EPVA  | 202   | 4 | 6 | 
 | 1ESOF | CMV   | EPVA  | 112   | 5 | 1 | 
 | 1ESOB | CMV   | EPVA  | 402   | 5 | 2 | 
 | 1ESOE | CMV   | EPVA  | 405   | 5 | 3 | 
 | 1BCT  | CMV   | DBT   | 415   | 5 | 5 | 
 | 2BCT  | CMV   | DBT   | 415   | 5 | 6 | 
 | 1BS   | COS   | MCS   | 501   | 1 | 1 | 
 | 1BSH  | COS   | MCS   | 502   | 1 | 2 | 
 | 1BS   | COS   | MCS   | 501   | 2 | 1 | 
 | 1ESOA | COS   | LIBD2 | 401   | 2 | 5 | 
 | 1BSH  | COS   | MCS   | 502   | 2 | 6 | 
 | 1BS   | COS   | MCS   | 501   | 3 | 1 | 
 | 1BSH  | COS   | MCS   | 502   | 3 | 2 | 
 | 1BS   | COS   | MCS   | 501   | 4 | 5 | 
 | 1BSH  | COS   | MCS   | 502   | 4 | 6 | 
 | 1ESOA | COS   | LIBD2 | 401   | 5 | 3 | 
 | 1ESOA | CRR   | EPVA  | 401   | 1 | 3 | 
 | 1BA   | CRR   | FART  | 211   | 1 | 5 | 
 | 1ESOD | CRR   | EPVA  | 404   | 1 | 6 | 
 | 1ESOG | CRR   | EPVA  | 411   | 1 | 7 | 
 | 1BA   | CRR   | FART  | 211   | 2 | 2 | 
 | 1ESOD | CRR   | TUT   | 404   | 2 | 5 | 
 | 1ESOC | CRR   | EPVA  | 403   | 2 | 6 | 
 | 1BA   | CRR   | FART  | 211   | 3 | 2 | 
 | 1ESOI | CRR   | EPVA  | 203   | 3 | 3 | 
 | 1BA   | CRR   | VOL   | 211   | 3 | 6 | 
 | 1BA   | CRR   | VOL   | 211   | 3 | 7 | 
 | 1ESOD | CRR   | EPVA  | 404   | 4 | 5 | 
 | 1BA   | CRR   | FART  | 211   | 4 | 6 | 
 | 1ESOC | CRR   | EPVA  | 403   | 4 | 7 | 
 | 1ESOI | CRR   | EPVA  | 203   | 5 | 5 | 
 | 1ESOA | CRR   | EPVA  | 401   | 5 | 6 | 
 | 1ESOG | CRR   | EPVA  | 411   | 5 | 7 | 
 | 2ESOD | CSG   | LCL   | 412   | 1 | 1 | 
 | 2ESOE | CSG   | LCL   | 413   | 1 | 2 | 
 | 1ESOF | CSG   | LCL   | 112   | 1 | 3 | 
 | 1ESOE | CSG   | LCL   | 405   | 1 | 7 | 
 | 1ESOF | CSG   | LCL   | 112   | 2 | 1 | 
 | 2ESOD | CSG   | LCL   | 412   | 2 | 2 | 
 | 2ESOE | CSG   | LCL   | 413   | 2 | 3 | 
 | 1ESOE | CSG   | LCL   | 405   | 2 | 5 | 
 | 1ESOF | CSG   | LCL   | 112   | 3 | 1 | 
 | 2ESOD | CSG   | LCL   | 412   | 3 | 2 | 
 | 2ESOE | CSG   | LCL   | 413   | 3 | 3 | 
 | 2ESOD | CSG   | TUT   | 412   | 3 | 5 | 
 | 2ESOE | CSG   | LCL   | 413   | 4 | 1 | 
 | 1ESOF | CSG   | LCL   | 112   | 4 | 2 | 
 | 2ESOD | CSG   | LCL   | 412   | 4 | 3 | 
 | 1ESOE | CSG   | LCL   | 405   | 4 | 7 | 
 | 1ESOE | CSG   | LCL   | 405   | 5 | 5 | 
 | 1BCT  | CSM   | FQU   | 302   | 1 | 5 | 
 | 2BCT  | CSM   | FIS   | 302   | 1 | 6 | 
 | 2FPB  | CSM   | CAII  | 304   | 1 | 7 | 
 | 1BCT  | CSM   | FQU   | 302   | 2 | 2 | 
 | 2FPB  | CSM   | CAII  | 304   | 2 | 7 | 
 | 2FPB  | CSM   | CAII  | 304   | 3 | 3 | 
 | 1BCT  | CSM   | FQU   | 302   | 3 | 5 | 
 | 2BCT  | CSM   | FIS   | 302   | 3 | 6 | 
 | 2FPB  | CSM   | CAII  | 304   | 4 | 1 | 
 | 1BCT  | CSM   | FQU   | 302   | 4 | 2 | 
 | 2BCT  | CSM   | FIS   | 302   | 4 | 3 | 
 | 2BCT  | CSM   | FIS   | 302   | 5 | 3 | 
 | 2FPB  | CSM   | CAII  | 304   | 5 | 5 | 
 | 2FPB  | ELN   | CSII  | 304   | 1 | 2 | 
 | 1ESOD | ELN   | ING   | 416   | 1 | 3 | 
 | 3ESOD | ELN   | ING   | 117   | 1 | 5 | 
 | 3ESOB | ELN   | AMBLE | TIC1  | 1 | 6 | 
 | 3ESOC | ELN   | AMBLE | TIC1  | 1 | 6 | 
 | 3ESOA | ELN   | ING   | 311   | 1 | 7 | 
 | 3ESOD | ELN   | ING   | 117   | 2 | 1 | 
 | 1ESOD | ELN   | ING   | 404   | 3 | 1 | 
 | 2FPB  | ELN   | CSII  | 304   | 3 | 2 | 
 | 3ESOD | ELN   | ING   | 117   | 3 | 3 | 
 | 3ESOB | ELN   | AMBLE | 524   | 3 | 6 | 
 | 3ESOC | ELN   | AMBLE | 524   | 3 | 6 | 
 | 3ESOA | ELN   | ING   | 311   | 3 | 7 | 
 | 3ESOA | ELN   | ING   | 311   | 4 | 1 | 
 | 1ESOD | ELN   | ING   | 404   | 4 | 2 | 
 | 3ESOB | ELN   | AMBLE | 524   | 4 | 3 | 
 | 3ESOC | ELN   | AMBLE | 524   | 4 | 3 | 
 | 1ESOD | ELN   | ING   | 404   | 5 | 1 | 
 | 3ESOA | ELN   | ING   | 311   | 5 | 3 | 
 | 3ESOD | ELN   | ING   | 117   | 5 | 5 | 
 | 3ESOB | ELN   | AMBLE | 524   | 5 | 6 | 
 | 3ESOC | ELN   | AMBLE | 524   | 5 | 6 | 
 | 2ESOE | EOG   | MAT   | 413   | 1 | 5 | 
 | 2ESOF | EOG   | MAT   | 414   | 1 | 6 | 
 | 4ESOB | EOG   | MAC   | 525   | 1 | 7 | 
 | 2ESOF | EOG   | TUT   | 414   | 2 | 5 | 
 | 3ESOC | EOG   | MAC   | 113   | 2 | 6 | 
 | 3ESOD | EOG   | MAC   | 113   | 2 | 6 | 
 | 4ESOB | EOG   | MAC   | 525   | 2 | 7 | 
 | 3ESOC | EOG   | MAC   | 113   | 3 | 2 | 
 | 3ESOD | EOG   | MAC   | 113   | 3 | 2 | 
 | 2ESOE | EOG   | MAT   | 413   | 3 | 5 | 
 | 3ESOD | EOG   | LIBD2 | 311   | 3 | 6 | 
 | 3ESOE | EOG   | LIBD2 | 311   | 3 | 6 | 
 | 2ESOF | EOG   | MAT   | 414   | 3 | 7 | 
 | 3ESOC | EOG   | MAC   | 113   | 4 | 2 | 
 | 3ESOD | EOG   | MAC   | 113   | 4 | 2 | 
 | 2ESOE | EOG   | MAT   | 413   | 4 | 3 | 
 | 2ESOD | EOG   | LIBD2 | 413   | 4 | 6 | 
 | 2ESOE | EOG   | LIBD2 | 413   | 4 | 6 | 
 | 4ESOB | EOG   | MAC   | 525   | 4 | 7 | 
 | 3ESOC | EOG   | MAC   | 113   | 5 | 2 | 
 | 3ESOD | EOG   | MAC   | 113   | 5 | 2 | 
 | 2ESOF | EOG   | MAT   | 414   | 5 | 3 | 
 | 4ESOB | EOG   | MAC   | 525   | 5 | 7 | 
 | 1ESOH | ERC   | ING   | 202   | 1 | 1 | 
 | 4ESOF | ERC   | ING   | 514   | 1 | 2 | 
 | 1FPB  | ERC   | CSI   | 314   | 1 | 3 | 
 | 4ESOF | ERC   | ING   | TIC3  | 2 | 1 | 
 | 2BS   | ERC   | ING   | 521   | 2 | 3 | 
 | 1ESOH | ERC   | ING   | 202   | 2 | 5 | 
 | 4ESOE | ERC   | ING   | 111   | 2 | 6 | 
 | 1ESOH | ERC   | ING   | 202   | 3 | 2 | 
 | 3ESOA | ERC   | LIBD3 | 311   | 3 | 3 | 
 | 3ESOB | ERC   | LIBD3 | 311   | 3 | 3 | 
 | 3ESOC | ERC   | LIBD3 | 311   | 3 | 3 | 
 | 4ESOE | ERC   | ING   | 111   | 3 | 5 | 
 | 1ESOH | ERC   | ING   | 202   | 4 | 1 | 
 | 4ESOE | ERC   | ING   | TIC3  | 4 | 2 | 
 | 2BS   | ERC   | ING   | 521   | 4 | 3 | 
 | 4ESOF | ERC   | ING   | 514   | 4 | 6 | 
 | 2BS   | ERC   | ING   | 521   | 5 | 2 | 
 | 1FPB  | ERC   | CSI   | 314   | 5 | 3 | 
 | 4ESOE | ERC   | ING   | 111   | 5 | 5 | 
 | 4ESOF | ERC   | ING   | 514   | 5 | 6 | 
 | 2ESOF | ETS   | LIBD5 | TIC3  | 2 | 3 | 
 | 2ESOG | ETS   | LIBD5 | TIC3  | 2 | 3 | 
 | 2ESOH | ETS   | LIBD5 | TIC3  | 2 | 3 | 
 | 1DAW  | ETS   | BADAT | 103   | 2 | 6 | 
 | 1DAW  | ETS   | BADAT | 103   | 2 | 7 | 
 | 1DAW  | ETS   | BADAT | 103   | 3 | 3 | 
 | 1DAW  | ETS   | BADAT | 103   | 3 | 5 | 
 | 2ESOA | ETS   | LIBD5 | TIC3  | 4 | 6 | 
 | 2ESOB | ETS   | LIBD5 | TIC3  | 4 | 6 | 
 | 2ESOC | ETS   | LIBD5 | TIC3  | 4 | 6 | 
 | 2ESOD | ETS   | LIBD5 | TIC3  | 4 | 6 | 
 | 2ESOE | ETS   | LIBD5 | TIC3  | 4 | 6 | 
 | 1DAW  | ETS   | BADAT | 103   | 5 | 6 | 
 | 1DAW  | ETS   | BADAT | 103   | 5 | 7 | 
 | 2FPB  | FBP   | ABO   | 304   | 1 | 3 | 
 | 1FPB  | FBP   | TAB   | 314   | 1 | 5 | 
 | 1AFI  | FBP   | FOL   | 116   | 1 | 7 | 
 | 1FPB  | FBP   | TAB   | 314   | 2 | 2 | 
 | 1FPB  | FBP   | TAB   | 314   | 2 | 3 | 
 | 1AFI  | FBP   | FOL   | 116   | 2 | 5 | 
 | 2FPB  | FBP   | ABO   | 304   | 2 | 6 | 
 | 1FPB  | FBP   | TAB   | 314   | 3 | 3 | 
 | 1AFI  | FBP   | FOL   | 116   | 3 | 5 | 
 | 2FPB  | FBP   | ABO   | 304   | 3 | 6 | 
 | 1FPB  | FBP   | TUT   | 314   | 3 | 7 | 
 | 1FPB  | FBP   | TAB   | 314   | 4 | 3 | 
 | 1FPB  | FBP   | TAB   | 314   | 4 | 5 | 
 | 2FPB  | FBP   | ABO   | 304   | 4 | 6 | 
 | 2FPB  | FBP   | ABO   | 304   | 4 | 7 | 
 | 1FPB  | FBP   | TAB   | 314   | 5 | 1 | 
 | 2FPB  | FBP   | ABO   | 304   | 5 | 2 | 
 | 2FPB  | FBP   | ABO   | 304   | 5 | 3 | 
 | 4ESOA | FGA   | VE    | 524   | 1 | 1 | 
 | 4ESOB | FGA   | VE    | 524   | 1 | 1 | 
 | 4ESOC | FGA   | VE    | 524   | 1 | 1 | 
 | 4ESOD | FGA   | VE    | 514   | 1 | 3 | 
 | 4ESOE | FGA   | VE    | 514   | 1 | 3 | 
 | 2ESOA | FGA   | CSG   | 422   | 1 | 5 | 
 | 2ESOB | FGA   | CSG   | 422   | 1 | 5 | 
 | 2ESOC | FGA   | CSG   | 422   | 1 | 5 | 
 | 4ESOC | FGA   | FIL   | 118   | 2 | 2 | 
 | 4ESOD | FGA   | FIL   | 118   | 2 | 2 | 
 | 4ESOF | FGA   | FIL   | 118   | 2 | 2 | 
 | 1BCT  | FGA   | FIL   | 201   | 2 | 6 | 
 | 4ESOC | FGA   | FIL   | 118   | 3 | 3 | 
 | 4ESOD | FGA   | FIL   | 118   | 3 | 3 | 
 | 4ESOF | FGA   | FIL   | 118   | 3 | 3 | 
 | 3ESOA | FGA   | TUT   | 311   | 3 | 5 | 
 | 2ESOD | FGA   | CSG   | 412   | 3 | 6 | 
 | 2ESOE | FGA   | CSG   | 412   | 3 | 6 | 
 | 4ESOC | FGA   | FIL   | 118   | 4 | 3 | 
 | 4ESOD | FGA   | FIL   | 118   | 4 | 3 | 
 | 4ESOF | FGA   | FIL   | 118   | 4 | 3 | 
 | 3ESOD | FGA   | ECDH  | 117   | 4 | 5 | 
 | 3ESOA | FGA   | ECDH  | 311   | 4 | 6 | 
 | 1BCT  | FGA   | FIL   | 201   | 4 | 7 | 
 | 1BCT  | FGA   | FIL   | 201   | 5 | 1 | 
 | 2ESOA | FGA   | CSG   | 422   | 5 | 2 | 
 | 2ESOB | FGA   | CSG   | 422   | 5 | 2 | 
 | 2ESOC | FGA   | CSG   | 422   | 5 | 2 | 
 | 2ESOD | FGA   | CSG   | 412   | 5 | 5 | 
 | 2ESOE | FGA   | CSG   | 412   | 5 | 5 | 
 | 3ESOG | FGA   | ECDH  | 426   | 5 | 6 | 
 | 3ESOB | FGA   | ECDH  | 406   | 5 | 7 | 
 | 1BPA  | FMC   | DTEL  |       | 1 | 2 | 
 | 3ESOD | FMC   | CSG   | TIC1  | 1 | 3 | 
 | 3ESOG | FMC   | CSG   | TIC1  | 1 | 3 | 
 | 2BSH  | FMC   | ECDH  | 501   | 1 | 5 | 
 | 2BCT  | FMC   | ECDH  | 501   | 1 | 5 | 
 | 2BPA  | FMC   | DTEL  |       | 1 | 6 | 
 | 3ESOA | FMC   | CSG   | 201   | 2 | 3 | 
 | 2BCT  | FMC   | HFI   | 526   | 2 | 5 | 
 | 2BSH  | FMC   | HFI   | 513   | 2 | 6 | 
 | 2BS   | FMC   | HFI   | 521   | 2 | 7 | 
 | 2ESOF | FMC   | CSG   | TIC2  | 3 | 6 | 
 | 2ESOG | FMC   | CSG   | TIC2  | 3 | 6 | 
 | 2ESOH | FMC   | CSG   | TIC2  | 3 | 6 | 
 | 2BPA  | FMC   | FIL   |       | 3 | 10 | 
 | 1BPA  | FMC   | FIL   |       | 3 | 11 | 
 | 3ESOA | FMC   | CSG   | TIC1  | 4 | 5 | 
 | 1BPA  | FMC   | DTEL  |       | 4 | 6 | 
 | 2BS   | FMC   | HFI   | 521   | 4 | 7 | 
 | 2BCT  | FMC   | HFI   | 526   | 5 | 1 | 
 | 3ESOD | FMC   | CSG   | 426   | 5 | 3 | 
 | 3ESOG | FMC   | CSG   | 426   | 5 | 3 | 
 | 2ESOF | FMC   | CSG   | 416   | 5 | 5 | 
 | 2ESOG | FMC   | CSG   | 416   | 5 | 5 | 
 | 2ESOH | FMC   | CSG   | 416   | 5 | 5 | 
 | 2BSH  | FMC   | HFI   | 513   | 5 | 7 | 
 | 4ESOC | FMM   | ING   | 118   | 1 | 5 | 
 | 4ESOB | FMM   | ING   | 525   | 1 | 6 | 
 | 2ESOE | FMM   | ING   | 413   | 1 | 7 | 
 | 2ESOF | FMM   | ING   | 414   | 2 | 7 | 
 | 2ESOE | FMM   | ING   | 413   | 3 | 1 | 
 | 2ESOF | FMM   | ING   | 414   | 3 | 2 | 
 | 4ESOB | FMM   | ING   | 525   | 3 | 5 | 
 | 4ESOC | FMM   | ING   | 118   | 3 | 6 | 
 | 2ESOE | FMM   | TUT   | 413   | 3 | 7 | 
 | 2ESOF | FMM   | VE    | 409   | 4 | 3 | 
 | 4ESOB | FMM   | ING   | 525   | 4 | 6 | 
 | 4ESOC | FMM   | ING   | 118   | 4 | 7 | 
 | 2ESOF | FMM   | ING   | 414   | 5 | 1 | 
 | 4ESOB | FMM   | ING   | 525   | 5 | 2 | 
 | 4ESOF | FMM   | VE    | 409   | 5 | 5 | 
 | 2ESOE | FMM   | ING   | 413   | 5 | 6 | 
 | 4ESOC | FMM   | ING   | 118   | 5 | 7 | 
 | 3ESOF | FRC   | FR2   | 425   | 1 | 3 | 
 | 3ESOG | FRC   | FR2   | 425   | 1 | 3 | 
 | 1ESOE | FRC   | VE    | 405   | 1 | 6 | 
 | 1ESOF | FRC   | VE    | 405   | 1 | 6 | 
 | 1ESOA | FRC   | VE    | 401   | 2 | 1 | 
 | 1ESOB | FRC   | VE    | 401   | 2 | 1 | 
 | 1ESOC | FRC   | VE    | 401   | 2 | 1 | 
 | 3ESOA | FRC   | FR2   | 311   | 2 | 3 | 
 | 1ESOF | FRC   | FR2   | 112   | 2 | 6 | 
 | 1ESOC | FRC   | FR2   | 403   | 3 | 5 | 
 | 1ESOC | FRC   | FR2   | 403   | 4 | 1 | 
 | 3ESOA | FRC   | FR2   | TIC2  | 4 | 5 | 
 | 1ESOF | FRC   | FR2   | 112   | 4 | 6 | 
 | 3ESOF | FRC   | FR2   | TIC1  | 5 | 3 | 
 | 3ESOG | FRC   | FR2   | TIC1  | 5 | 3 | 
 | 4ESOF | HCG   | MAP   | 514   | 1 | 1 | 
 | 4ESOE | HCG   | MAP   | 111   | 1 | 2 | 
 | 4ESOF | HCG   | MAP   | 514   | 2 | 3 | 
 | 4ESOE | HCG   | MAP   | 111   | 2 | 5 | 
 | 3ESOA | HCG   | MAP   | 311   | 2 | 6 | 
 | 3ESOB | HCG   | MAP   | 311   | 2 | 6 | 
 | 4ESOE | HCG   | MAP   | 111   | 3 | 1 | 
 | 3ESOA | HCG   | MAP   | 311   | 3 | 2 | 
 | 3ESOB | HCG   | MAP   | 311   | 3 | 2 | 
 | 3ESOA | HCG   | LIBD2 | 406   | 3 | 3 | 
 | 3ESOB | HCG   | LIBD2 | 406   | 3 | 3 | 
 | 3ESOC | HCG   | LIBD2 | 406   | 3 | 3 | 
 | 4ESOF | HCG   | MAP   | 514   | 3 | 5 | 
 | 3ESOF | HCG   | LIBD2 | 423   | 3 | 6 | 
 | 3ESOG | HCG   | LIBD2 | 423   | 3 | 6 | 
 | 4ESOF | HCG   | MAP   | 514   | 4 | 1 | 
 | 3ESOA | HCG   | MAP   | 311   | 4 | 2 | 
 | 3ESOB | HCG   | MAP   | 311   | 4 | 2 | 
 | 4ESOE | HCG   | MAP   | 111   | 4 | 6 | 
 | 3ESOA | HCG   | MAP   | 311   | 5 | 2 | 
 | 3ESOB | HCG   | MAP   | 311   | 5 | 2 | 
 | 4ESOE | HCG   | TUT   | 111   | 5 | 3 | 
 | 2ESOB | IBR   | AMBLS | 408   | 1 | 1 | 
 | 2ESOC | IBR   | AMBLS | 408   | 1 | 1 | 
 | 2ESOB | IBR   | AMBLS | 408   | 1 | 6 | 
 | 2ESOC | IBR   | AMBLS | 408   | 1 | 6 | 
 | 2ESOB | IBR   | MUS   | 424   | 1 | 7 | 
 | 3ESOA | IBR   | GeH   | 311   | 2 | 1 | 
 | 2ESOB | IBR   | AMBLS | 408   | 2 | 2 | 
 | 2ESOC | IBR   | AMBLS | 408   | 2 | 2 | 
 | 2BPA  | IBR   | DTEL  |       | 2 | 3 | 
 | 2ESOB | IBR   | AMBLS | 408   | 3 | 2 | 
 | 2ESOC | IBR   | AMBLS | 408   | 3 | 2 | 
 | 2ESOB | IBR   | MUS   | 423   | 3 | 5 | 
 | 2ESOB | IBR   | AMBLS | 408   | 4 | 2 | 
 | 2ESOC | IBR   | AMBLS | 408   | 4 | 2 | 
 | 2ESOB | IBR   | AMBLS | 408   | 4 | 3 | 
 | 2ESOC | IBR   | AMBLS | 408   | 4 | 3 | 
 | 3ESOA | IBR   | GeH   | 311   | 4 | 7 | 
 | 2BPA  | IBR   | GEO   |       | 4 | 11 | 
 | 2BPA  | IBR   | GEO   |       | 4 | 12 | 
 | 2ESOB | IBR   | AMBLS | 408   | 5 | 5 | 
 | 2ESOC | IBR   | AMBLS | 408   | 5 | 5 | 
 | 2BPA  | IBR   | DTEL  |       | 5 | 6 | 
 | 3ESOA | IBR   | GeH   | 311   | 5 | 7 | 
 | 2ESOC | ICL   | GeH   | 424   | 1 | 1 | 
 | 4ESOB | ICL   | GeH   | 525   | 1 | 3 | 
 | 3ESOG | ICL   | GeH   | 426   | 1 | 6 | 
 | 3ESOE | ICL   | GeH   | 512   | 1 | 7 | 
 | 3ESOE | ICL   | GeH   | 512   | 2 | 1 | 
 | 2ESOC | ICL   | GeH   | 424   | 2 | 2 | 
 | 3ESOF | ICL   | VE    | 409   | 2 | 3 | 
 | 3ESOG | ICL   | VE    | 409   | 2 | 3 | 
 | 2BCT  | ICL   | HES   | 526   | 2 | 7 | 
 | 4ESOB | ICL   | GeH   | 525   | 3 | 6 | 
 | 2BCT  | ICL   | HES   | 526   | 3 | 7 | 
 | 4ESOB | ICL   | GeH   | 525   | 4 | 1 | 
 | 3ESOG | ICL   | GeH   | 426   | 4 | 2 | 
 | 2ESOC | ICL   | GeH   | 424   | 4 | 3 | 
 | 3ESOE | ICL   | GeH   | 512   | 4 | 5 | 
 | 2BCT  | ICL   | HES   | 526   | 4 | 7 | 
 | 3ESOG | ICL   | GeH   | 426   | 5 | 1 | 
 | 3ESOE | ICL   | TUT   | 512   | 5 | 2 | 
 | 1BCT  | IGB   | BYG   | 201   | 1 | 1 | 
 | 4ESOB | IGB   | BYG   | 525   | 1 | 2 | 
 | 4ESOC | IGB   | BYG   | 524   | 1 | 6 | 
 | 4ESOC | IGB   | BYG   | 524   | 2 | 1 | 
 | 1ESOC | IGB   | ByG   | 403   | 2 | 2 | 
 | 1ESOB | IGB   | ByG   | 402   | 2 | 3 | 
 | 1ESOB | IGB   | ByG   | 402   | 3 | 1 | 
 | 4ESOB | IGB   | BYG   | 525   | 3 | 2 | 
 | 1BCT  | IGB   | BYG   | 201   | 3 | 6 | 
 | 1BCT  | IGB   | BYG   | 201   | 4 | 5 | 
 | 1ESOC | IGB   | ByG   | 403   | 4 | 6 | 
 | 1ESOB | IGB   | ByG   | 402   | 5 | 1 | 
 | 4ESOC | IGB   | BYG   | 524   | 5 | 2 | 
 | 4ESOB | IGB   | BYG   | 525   | 5 | 3 | 
 | 1BCT  | IGB   | BYG   | 201   | 5 | 5 | 
 | 1ESOC | IGB   | ByG   | 403   | 5 | 6 | 
 | 1GA   | ILL   | ING   | 116   | 1 | 1 | 
 | 2ESOD | ILL   | ING   | 412   | 1 | 2 | 
 | 2BCT  | ILL   | ING   | 526   | 1 | 3 | 
 | 3ESOC | ILL   | ING   | 113   | 1 | 6 | 
 | 2BSH  | ILL   | ING   | 513   | 2 | 1 | 
 | 1GA   | ILL   | ING   | 116   | 2 | 2 | 
 | 1GA   | ILL   | ING   | 116   | 2 | 3 | 
 | 1GA   | ILL   | ING   | 116   | 3 | 1 | 
 | 2BSH  | ILL   | ING   | 513   | 3 | 2 | 
 | 2ESOD | ILL   | ING   | 412   | 3 | 3 | 
 | 3ESOC | ILL   | ING   | 113   | 3 | 6 | 
 | 2ESOD | ILL   | ING   | 412   | 4 | 1 | 
 | 1GA   | ILL   | ING   | 116   | 4 | 2 | 
 | 3ESOC | ILL   | ING   | 113   | 4 | 3 | 
 | 2BCT  | ILL   | ING   | 526   | 4 | 5 | 
 | 2BSH  | ILL   | ING   | 513   | 5 | 1 | 
 | 2BCT  | ILL   | ING   | 526   | 5 | 5 | 
 | 3ESOC | ILL   | ING   | 113   | 5 | 6 | 
 | 1BSH  | INN   | HMC   | 502   | 1 | 3 | 
 | 1BA   | INN   | HMC   | 502   | 1 | 3 | 
 | 2ESOG | INN   | GeH   | 416   | 1 | 5 | 
 | 3ESOF | INN   | TUT   | 425   | 1 | 6 | 
 | 3ESOC | INN   | GeH   | 113   | 1 | 7 | 
 | 2ESOE | INN   | GeH   | 413   | 2 | 1 | 
 | 3ESOF | INN   | GeH   | 425   | 2 | 2 | 
 | 1BSH  | INN   | HMC   | 502   | 2 | 3 | 
 | 1BA   | INN   | HMC   | 502   | 2 | 3 | 
 | 3ESOF | INN   | GeH   | 425   | 3 | 2 | 
 | 2ESOG | INN   | GeH   | 416   | 3 | 3 | 
 | 3ESOC | INN   | GeH   | 113   | 3 | 5 | 
 | 1BSH  | INN   | HMC   | 502   | 4 | 3 | 
 | 1BA   | INN   | HMC   | 502   | 4 | 3 | 
 | 2ESOE | INN   | GeH   | 413   | 4 | 5 | 
 | 3ESOC | INN   | GeH   | 113   | 4 | 6 | 
 | 3ESOF | INN   | GeH   | 425   | 5 | 1 | 
 | 2ESOE | INN   | GeH   | 413   | 5 | 3 | 
 | 1BSH  | INN   | HMC   | 502   | 5 | 6 | 
 | 1BA   | INN   | HMC   | 502   | 5 | 6 | 
 | 2ESOG | INN   | GeH   | 416   | 5 | 7 | 
 | 2BCT  | ISA   | QUI   | 526   | 1 | 2 | 
 | 1BCT  | ISA   | FQU   | 201   | 1 | 5 | 
 | 1BCT  | ISA   | FQU   | 202   | 2 | 2 | 
 | 2BCT  | ISA   | QUI   | 526   | 2 | 6 | 
 | 2BCT  | ISA   | QUI   | 526   | 3 | 2 | 
 | 1BCT  | ISA   | FQU   | 201   | 3 | 5 | 
 | 1BCT  | ISA   | FQU   | 202   | 4 | 2 | 
 | 2BCT  | ISA   | QUI   | 526   | 5 | 6 | 
 | 2BCT  | JAM   | LCL   | 526   | 1 | 1 | 
 | 4ESOA | JAM   | LCL   | 303   | 1 | 3 | 
 | 2BS   | JAM   | LCL   | 521   | 1 | 7 | 
 | 1BCT  | JAM   | LCL   | 201   | 2 | 7 | 
 | 2BS   | JAM   | LCL   | 521   | 3 | 1 | 
 | 2BCT  | JAM   | LCL   | 526   | 3 | 5 | 
 | 4ESOA | JAM   | LCL   | 303   | 3 | 6 | 
 | 1BCT  | JAM   | LCL   | 201   | 3 | 7 | 
 | 4ESOA | JAM   | LCL   | 303   | 4 | 1 | 
 | 2BCT  | JAM   | LCL   | 526   | 4 | 2 | 
 | 1BCT  | JAM   | LCL   | 201   | 5 | 2 | 
 | 2BS   | JAM   | LCL   | 521   | 5 | 3 | 
 | 2SMR  | JBP   | SERRE | 101   | 1 | 2 | 
 | 2SMR  | JBP   | SERRE | 101   | 1 | 3 | 
 | 1ESOD | JBP   | LIBD5 | TIC3  | 1 | 5 | 
 | 1ESOE | JBP   | LIBD5 | TIC3  | 1 | 5 | 
 | 1ESOF | JBP   | LIBD5 | TIC3  | 1 | 5 | 
 | 1SMR  | JBP   | REDLO | 102   | 1 | 6 | 
 | 1SMR  | JBP   | REDLO | 102   | 1 | 7 | 
 | 2SMR  | JBP   | SERRE | 101   | 2 | 1 | 
 | 2SMR  | JBP   | SERRE | 101   | 2 | 2 | 
 | 1ESOA | JBP   | LIBD5 | TIC3  | 2 | 5 | 
 | 1ESOB | JBP   | LIBD5 | TIC3  | 2 | 5 | 
 | 1ESOC | JBP   | LIBD5 | TIC3  | 2 | 5 | 
 | 1SMR  | JBP   | REDLO | 102   | 2 | 6 | 
 | 1SMR  | JBP   | REDLO | 102   | 2 | 7 | 
 | 1ESOD | JBP   | LIBD5 | TIC3  | 3 | 5 | 
 | 1ESOE | JBP   | LIBD5 | TIC3  | 3 | 5 | 
 | 1ESOF | JBP   | LIBD5 | TIC3  | 3 | 5 | 
 | 2SMR  | JBP   | SERRE | 101   | 3 | 7 | 
 | 1SMR  | JBP   | REDLO | 102   | 4 | 7 | 
 | 2SMR  | JBP   | SERRE | 101   | 5 | 1 | 
 | 2SMR  | JBP   | SERRE | 101   | 5 | 2 | 
 | 1ESOA | JBP   | LIBD5 | TIC3  | 5 | 3 | 
 | 1ESOB | JBP   | LIBD5 | TIC3  | 5 | 3 | 
 | 1ESOC | JBP   | LIBD5 | TIC3  | 5 | 3 | 
 | 1SMR  | JBP   | REDLO | 102   | 5 | 6 | 
 | 1SMR  | JBP   | REDLO | 102   | 5 | 7 | 
 | 2ESOF | JCL   | FyQ   | 414   | 1 | 2 | 
 | 3ESOB | JCL   | FQU   | 406   | 1 | 3 | 
 | 2ESOD | JCL   | FyQ   | 412   | 1 | 5 | 
 | 2ESOC | JCL   | FyQ   | 424   | 2 | 1 | 
 | 2ESOG | JCL   | FyQ   | 416   | 2 | 2 | 
 | 2ESOD | JCL   | FyQ   | 412   | 2 | 5 | 
 | 1ESOD | JCL   | TAP   | TIC2  | 2 | 6 | 
 | 1ESOE | JCL   | TAP   | TIC2  | 2 | 6 | 
 | 1ESOF | JCL   | TAP   | TIC2  | 2 | 6 | 
 | 3ESOG | JCL   | FQU   | 426   | 2 | 7 | 
 | 2ESOC | JCL   | FyQ   | 424   | 3 | 1 | 
 | 2ESOF | JCL   | FyQ   | 414   | 3 | 3 | 
 | 2ESOG | JCL   | FyQ   | 416   | 3 | 7 | 
 | 2ESOF | JCL   | FyQ   | 414   | 4 | 1 | 
 | 3ESOG | JCL   | FQU   | 426   | 4 | 5 | 
 | 1ESOD | JCL   | TAP   | 301   | 4 | 6 | 
 | 1ESOE | JCL   | TAP   | 301   | 4 | 6 | 
 | 1ESOF | JCL   | TAP   | 301   | 4 | 6 | 
 | 2ESOD | JCL   | FyQ   | 412   | 4 | 7 | 
 | 2ESOC | JCL   | FyQ   | 424   | 5 | 1 | 
 | 2ESOG | JCL   | FyQ   | 416   | 5 | 2 | 
 | 3ESOB | JCL   | FQU   | 406   | 5 | 3 | 
 | 1ESOD | JCM   | VE    | 409   | 1 | 2 | 
 | 1ESOG | JCM   | VE    | 409   | 1 | 2 | 
 | 4ESOE | JCM   | IAEYE | 111   | 1 | 5 | 
 | 1BS   | JCM   | ECO   | 501   | 1 | 7 | 
 | 4ESOE | JCM   | IAEYE | 111   | 2 | 3 | 
 | 1BSH  | JCM   | ECO   | 502   | 2 | 5 | 
 | 4ESOF | JCM   | IAEYE | 514   | 2 | 6 | 
 | 1BS   | JCM   | ECO   | 501   | 2 | 7 | 
 | 1BSH  | JCM   | ECO   | 502   | 3 | 5 | 
 | 4ESOE | JCM   | IAEYE | 111   | 3 | 6 | 
 | 4ESOF | JCM   | IAEYE | 514   | 3 | 7 | 
 | 4ESOF | JCM   | IAEYE | 514   | 4 | 2 | 
 | 4ESOF | JCM   | TUT   | 514   | 4 | 5 | 
 | 1BS   | JCM   | ECO   | 501   | 4 | 6 | 
 | 1BSH  | JCM   | ECO   | 502   | 4 | 7 | 
 | 1BS   | JCM   | ECO   | 501   | 5 | 5 | 
 | 1ESOH | JCM   | VE    | 202   | 5 | 6 | 
 | 1ESOI | JCM   | VE    | 202   | 5 | 6 | 
 | 1BSH  | JCM   | ECO   | 502   | 5 | 7 | 
 | 1BSH  | JDC   | LAT   | 524   | 1 | 2 | 
 | 2BSH  | JDC   | GRI   | TIC2  | 1 | 3 | 
 | 2BSH  | JDC   | LAT   | 413   | 1 | 6 | 
 | 4ESOA | JDC   | LAT   | 303   | 1 | 7 | 
 | 2BSH  | JDC   | LAT   | 413   | 2 | 2 | 
 | 4ESOA | JDC   | LAT   | 303   | 2 | 3 | 
 | 1BSH  | JDC   | GRI   | 524   | 2 | 5 | 
 | 1BSH  | JDC   | LAT   | 524   | 2 | 6 | 
 | 1BSH  | JDC   | LAT   | TIC2  | 3 | 2 | 
 | 1BSH  | JDC   | GRI   | 524   | 3 | 5 | 
 | 2BSH  | JDC   | GRI   | 409   | 3 | 6 | 
 | 2BSH  | JDC   | LAT   | 413   | 4 | 2 | 
 | 2BSH  | JDC   | GRI   | 409   | 4 | 5 | 
 | 1BSH  | JDC   | LAT   | 524   | 4 | 6 | 
 | 1BSH  | JDC   | GRI   | TIC1  | 4 | 7 | 
 | 2BSH  | JDC   | LAT   | 413   | 5 | 2 | 
 | 4ESOA | JDC   | LAT   | 303   | 5 | 5 | 
 | 2BSH  | JDC   | GRI   | 409   | 5 | 6 | 
 | 1BSH  | JDC   | GRI   | 524   | 5 | 7 | 
 | 1DAW  | JFV   | PROGR | 103   | 1 | 6 | 
 | 1DAW  | JFV   | PROGR | 103   | 1 | 7 | 
 | 1DAW  | JFV   | PROGR | 103   | 2 | 3 | 
 | 1DAW  | JFV   | PROGR | 103   | 2 | 5 | 
 | 1DAW  | JFV   | PROGR | 103   | 3 | 6 | 
 | 1DAW  | JFV   | PROGR | 103   | 3 | 7 | 
 | 1DAW  | JFV   | PROGR | 103   | 4 | 3 | 
 | 1DAW  | JFV   | PROGR | 103   | 4 | 5 | 
 | 2DAW  | JFV   | DAWEB | 104   | 4 | 7 | 
 | 2DAW  | JFV   | DAWEB | 104   | 5 | 6 | 
 | 2DAW  | JFV   | DAWEB | 104   | 5 | 7 | 
 | 2ESOH | JGG   | MAT   | 417   | 1 | 1 | 
 | 1ESOE | JGG   | MAT   | 405   | 1 | 2 | 
 | 2ESOC | JGG   | MAT   | 424   | 1 | 3 | 
 | 1ESOD | JGG   | LIBD2 | 405   | 1 | 5 | 
 | 1ESOE | JGG   | LIBD2 | 405   | 1 | 5 | 
 | 1ESOE | JGG   | MAT   | 405   | 2 | 1 | 
 | 2ESOH | JGG   | MAT   | 417   | 2 | 2 | 
 | 2BS   | JGG   | MCS   | 521   | 2 | 6 | 
 | 2ESOC | JGG   | MAT   | 424   | 3 | 3 | 
 | 1ESOD | JGG   | LIBD2 | 405   | 3 | 5 | 
 | 1ESOE | JGG   | LIBD2 | 405   | 3 | 5 | 
 | 1ESOE | JGG   | MAT   | 405   | 3 | 6 | 
 | 2BS   | JGG   | MCS   | 521   | 3 | 7 | 
 | 2ESOH | JGG   | MAT   | 417   | 4 | 1 | 
 | 1ESOE | JGG   | MAT   | 405   | 4 | 2 | 
 | 2ESOC | JGG   | MAT   | 424   | 4 | 5 | 
 | 2BS   | JGG   | MCS   | 521   | 4 | 6 | 
 | 1ESOE | JGG   | TUT   | 405   | 5 | 6 | 
 | 2BS   | JGG   | MCS   | 521   | 5 | 7 | 
 | 1ESOF | JGM   | GeH   | 112   | 1 | 1 | 
 | 1FPB  | JGM   | CSI   | 314   | 1 | 2 | 
 | 2FPB  | JGM   | CSII  | 304   | 1 | 5 | 
 | 1BSH  | JGM   | PCYAA | 502   | 1 | 7 | 
 | 1FPB  | JGM   | CSI   | 314   | 2 | 1 | 
 | 1ESOF | JGM   | GeH   | 112   | 2 | 3 | 
 | 2FPB  | JGM   | CSII  | 304   | 2 | 5 | 
 | 1BSH  | JGM   | PCYAA | 502   | 3 | 3 | 
 | 1FPB  | JGM   | CSI   | 314   | 3 | 5 | 
 | 1FPB  | JGM   | CSI   | 314   | 3 | 6 | 
 | 2FPB  | JGM   | CSII  | 304   | 3 | 7 | 
 | 1FPB  | JGM   | CSI   | 314   | 4 | 1 | 
 | 2FPB  | JGM   | CSII  | 304   | 4 | 3 | 
 | 1ESOF | JGM   | GeH   | 112   | 4 | 5 | 
 | 2FPB  | JGM   | CSII  | 304   | 5 | 1 | 
 | 1FPB  | JGM   | CSI   | 314   | 5 | 2 | 
 | 1ITE  | JGR   | EAP   | 313   | 1 | 1 | 
 | 2ESOB | JGR   | MAT   | 423   | 1 | 3 | 
 | 1ITE  | JGR   | ICTVE | 313   | 1 | 3 | 
 | 3ESOE | JGR   | MAP   | 524   | 1 | 5 | 
 | 3ESOF | JGR   | MAP   | 524   | 1 | 5 | 
 | 3ESOG | JGR   | MAP   | 524   | 1 | 5 | 
 | 1ITE  | JGR   | ICTVE | 313   | 1 | 5 | 
 | 2ESOA | JGR   | MAT   | 422   | 1 | 6 | 
 | 2ESOA | JGR   | MAT   | 422   | 2 | 5 | 
 | 3ESOC | JGR   | MAP   | 117   | 2 | 6 | 
 | 3ESOD | JGR   | MAP   | 117   | 2 | 6 | 
 | 2ESOD | JGR   | MAT   | 412   | 2 | 7 | 
 | 3ESOE | JGR   | MAP   | 524   | 3 | 1 | 
 | 3ESOF | JGR   | MAP   | 524   | 3 | 1 | 
 | 3ESOG | JGR   | MAP   | 524   | 3 | 1 | 
 | 3ESOC | JGR   | MAP   | 117   | 3 | 2 | 
 | 3ESOD | JGR   | MAP   | 117   | 3 | 2 | 
 | 2ESOB | JGR   | MAT   | 423   | 3 | 3 | 
 | 1ITE  | JGR   | EM    | 313   | 3 | 6 | 
 | 2ESOD | JGR   | MAT   | 412   | 3 | 7 | 
 | 1ITE  | JGR   | EM    | 313   | 3 | 7 | 
 | 3ESOE | JGR   | MAP   | 524   | 4 | 1 | 
 | 3ESOF | JGR   | MAP   | 524   | 4 | 1 | 
 | 3ESOG | JGR   | MAP   | 524   | 4 | 1 | 
 | 3ESOC | JGR   | MAP   | 117   | 4 | 2 | 
 | 3ESOD | JGR   | MAP   | 117   | 4 | 2 | 
 | 1ITE  | JGR   | ICTVE | 313   | 4 | 2 | 
 | 1ITE  | JGR   | ICTVE | 313   | 4 | 3 | 
 | 2ESOB | JGR   | MAT   | 423   | 4 | 5 | 
 | 2ESOA | JGR   | LIBD2 | 424   | 4 | 6 | 
 | 2ESOB | JGR   | LIBD2 | 424   | 4 | 6 | 
 | 2ESOC | JGR   | LIBD2 | 424   | 4 | 6 | 
 | 1ITE  | JGR   | EAP   | 313   | 4 | 6 | 
 | 2ESOA | JGR   | MAT   | 422   | 4 | 7 | 
 | 1ITE  | JGR   | EAP   | 313   | 4 | 7 | 
 | 3ESOC | JGR   | MAP   | 117   | 5 | 2 | 
 | 3ESOD | JGR   | MAP   | 117   | 5 | 2 | 
 | 1ITE  | JGR   | EAP   | 313   | 5 | 2 | 
 | 2ESOD | JGR   | MAT   | 412   | 5 | 3 | 
 | 3ESOE | JGR   | MAP   | 524   | 5 | 5 | 
 | 3ESOF | JGR   | MAP   | 524   | 5 | 5 | 
 | 3ESOG | JGR   | MAP   | 524   | 5 | 5 | 
 | 2AFI  | JJH   | SE    | 114   | 1 | 6 | 
 | 2AFI  | JJH   | SE    | 114   | 1 | 7 | 
 | 2AFI  | JJH   | SE    | 114   | 2 | 3 | 
 | 2AFI  | JJH   | SE    | 114   | 2 | 5 | 
 | 1GA   | JJH   | TC    | 116   | 2 | 6 | 
 | 1GA   | JJH   | TC    | 116   | 2 | 7 | 
 | 2AFI  | JJH   | SE    | 114   | 3 | 5 | 
 | 1AFI  | JJH   | PIAC  | 116   | 3 | 6 | 
 | 1AFI  | JJH   | PIAC  | 116   | 3 | 7 | 
 | 2AFI  | JJH   | SE    | 116   | 4 | 3 | 
 | 1AFI  | JJH   | PIAC  | 116   | 4 | 6 | 
 | 1AFI  | JJH   | PIAC  | 116   | 4 | 7 | 
 | 1AFI  | JJH   | PIAC  | 116   | 5 | 5 | 
 | 1AFI  | JJH   | PIAC  | 116   | 5 | 6 | 
 | 1GA   | JJH   | TC    | 116   | 5 | 7 | 
 | 1ITE  | JLA   | ICTVE |       | 1 | 5 | 
 | 1ITE  | JLA   | IRDST | 313   | 1 | 6 | 
 | 1ITE  | JLA   | IRDST | 313   | 2 | 2 | 
 | 1ITE  | JLA   | IRDST | 313   | 2 | 3 | 
 | 2ITE  | JLA   | IR    | 312   | 2 | 5 | 
 | 2ITE  | JLA   | IR    | 312   | 2 | 6 | 
 | 1ITE  | JLA   | IRDST | 313   | 3 | 1 | 
 | 1ITE  | JLA   | IRDST | 313   | 3 | 2 | 
 | 2ITE  | JLA   | CCTSE | 312   | 3 | 3 | 
 | 2ITE  | JLA   | IR    | 312   | 3 | 5 | 
 | 2ITE  | JLA   | IR    | 312   | 4 | 6 | 
 | 1ITE  | JLA   | EAP   |       | 5 | 2 | 
 | 2ITE  | JLA   | CCTSE | 312   | 5 | 3 | 
 | 2ITE  | JLA   | CCTSE | 312   | 5 | 5 | 
 | 1ITE  | JLA   | IRDST | 313   | 5 | 6 | 
 | 1ITE  | JLA   | IRDST | 313   | 5 | 7 | 
 | 3ESOD | JLM   | GeH   | 117   | 1 | 1 | 
 | 2BS   | JLM   | GEO   | 521   | 1 | 3 | 
 | 2BSH  | JLM   | GEO   | 521   | 1 | 3 | 
 | 1ESOA | JLM   | GeH   | 401   | 1 | 5 | 
 | 1ESOB | JLM   | GeH   | 402   | 1 | 6 | 
 | 3ESOB | JLM   | GeH   | 406   | 1 | 7 | 
 | 1ESOB | JLM   | GeH   | 402   | 2 | 7 | 
 | 3ESOD | JLM   | TUT   | 117   | 3 | 1 | 
 | 3ESOB | JLM   | GeH   | 406   | 3 | 5 | 
 | 2BS   | JLM   | GEO   | 521   | 3 | 6 | 
 | 2BSH  | JLM   | GEO   | 521   | 3 | 6 | 
 | 3ESOD | JLM   | GeH   | 117   | 3 | 7 | 
 | 1ESOB | JLM   | GeH   | 402   | 4 | 2 | 
 | 1ESOA | JLM   | GeH   | 401   | 4 | 3 | 
 | 2BS   | JLM   | GEO   | 521   | 4 | 5 | 
 | 2BSH  | JLM   | GEO   | 521   | 4 | 5 | 
 | 3ESOB | JLM   | GeH   | 406   | 4 | 6 | 
 | 1ESOA | JLM   | GeH   | 401   | 5 | 5 | 
 | 2BS   | JLM   | GEO   | 521   | 5 | 6 | 
 | 2BSH  | JLM   | GEO   | 521   | 5 | 6 | 
 | 3ESOD | JLM   | GeH   | 117   | 5 | 7 | 
 | 2SMR  | JME   | HLC   | 101   | 1 | 1 | 
 | 4ESOC | JME   | TIC   | TIC3  | 1 | 2 | 
 | 1BS   | JME   | TIYC  | TIC1  | 1 | 5 | 
 | 1SMR  | JME   | REDLO |       | 1 | 6 | 
 | 1SMR  | JME   | REDLO |       | 1 | 7 | 
 | 1BSH  | JME   | TIYC  | TIC1  | 2 | 1 | 
 | 4ESOA | JME   | TIC   | TIC3  | 2 | 2 | 
 | 4ESOB | JME   | TIC   | TIC3  | 2 | 2 | 
 | 1BCT  | JME   | TIYC  | TIC1  | 2 | 3 | 
 | 1SMR  | JME   | REDLO |       | 2 | 6 | 
 | 4ESOC | JME   | TIC   | TIC3  | 2 | 7 | 
 | 2SMR  | JME   | HLC   | 101   | 3 | 1 | 
 | 2SMR  | JME   | HLC   | 101   | 3 | 2 | 
 | 4ESOA | JME   | TIC   | TIC3  | 3 | 3 | 
 | 4ESOB | JME   | TIC   | TIC3  | 3 | 3 | 
 | 1BS   | JME   | TIYC  | TIC1  | 3 | 7 | 
 | 1BCT  | JME   | TIYC  | TIC1  | 4 | 1 | 
 | 1BSH  | JME   | TIYC  | TIC1  | 4 | 2 | 
 | 4ESOA | JME   | TIC   | TIC3  | 4 | 3 | 
 | 4ESOB | JME   | TIC   | TIC3  | 4 | 3 | 
 | 4ESOC | JME   | TIC   | TIC3  | 5 | 1 | 
 | 2BPA  | JMF   | DTEL  |       | 1 | 2 | 
 | 2BPA  | JMF   | DTEL  |       | 1 | 3 | 
 | 2BSH  | JMF   | MCS   | 513   | 1 | 6 | 
 | 2BSH  | JMF   | MCS   | 513   | 2 | 2 | 
 | 1BPA  | JMF   | DTEL  |       | 2 | 3 | 
 | 1BPA  | JMF   | DTEL  |       | 3 | 8 | 
 | 1BPA  | JMF   | MCS   |       | 3 | 9 | 
 | 1BPA  | JMF   | MCS   |       | 3 | 10 | 
 | 2BPA  | JMF   | MCS   |       | 3 | 11 | 
 | 2BPA  | JMF   | MCS   |       | 3 | 12 | 
 | 2BSH  | JMF   | MCS   | 513   | 4 | 2 | 
 | 2BSH  | JMF   | MCS   | 513   | 5 | 2 | 
 | 1BPA  | JMG   | DTEL  |       | 1 | 6 | 
 | 1ESOA | JMG   | LCL   | 401   | 1 | 7 | 
 | 2ESOF | JMG   | LCL   | 414   | 2 | 1 | 
 | 3ESOA | JMG   | CLAI  | 524   | 2 | 3 | 
 | 3ESOB | JMG   | CLAI  | 524   | 2 | 3 | 
 | 3ESOC | JMG   | CLAI  | 524   | 2 | 3 | 
 | 2BPA  | JMG   | DTEL  |       | 2 | 6 | 
 | 2ESOF | JMG   | LCL   | 414   | 3 | 1 | 
 | 1BPA  | JMG   | DTEL  |       | 3 | 3 | 
 | 1ESOA | JMG   | LIBD7 | 401   | 3 | 5 | 
 | 1ESOB | JMG   | LIBD7 | 401   | 3 | 5 | 
 | 1ESOC | JMG   | LIBD7 | 401   | 3 | 5 | 
 | 1ESOA | JMG   | LCL   | 401   | 3 | 7 | 
 | 2BPA  | JMG   | LCL   |       | 3 | 9 | 
 | 1BPA  | JMG   | LCL   |       | 3 | 12 | 
 | 1ESOA | JMG   | LIBD7 | 401   | 4 | 1 | 
 | 1ESOB | JMG   | LIBD7 | 401   | 4 | 1 | 
 | 1ESOC | JMG   | LIBD7 | 401   | 4 | 1 | 
 | 2BPA  | JMG   | DTEL  |       | 4 | 3 | 
 | 3ESOA | JMG   | CLAI  | 524   | 4 | 5 | 
 | 3ESOB | JMG   | CLAI  | 524   | 4 | 5 | 
 | 3ESOC | JMG   | CLAI  | 524   | 4 | 5 | 
 | 1ESOA | JMG   | LCL   | 401   | 4 | 6 | 
 | 2ESOF | JMG   | LCL   | 414   | 4 | 7 | 
 | 2ESOF | JMG   | LCL   | 414   | 5 | 6 | 
 | 1ESOA | JMG   | LCL   | 401   | 5 | 7 | 
 | 1AFI  | JMS   | OPI   | 115   | 1 | 1 | 
 | 1AFI  | JMS   | OPI   | 115   | 1 | 2 | 
 | 1GA   | JMS   | EA    | 115   | 1 | 5 | 
 | 1GA   | JMS   | TII   | 115   | 1 | 6 | 
 | 1GA   | JMS   | TII   | 115   | 1 | 7 | 
 | 1GA   | JMS   | TII   | 115   | 2 | 5 | 
 | 1AFI  | JMS   | OPI   | 115   | 2 | 6 | 
 | 1AFI  | JMS   | OPI   | 115   | 2 | 7 | 
 | 1GA   | JMS   | EA    | 115   | 3 | 5 | 
 | 1GA   | JMS   | TII   | 115   | 3 | 6 | 
 | 1GA   | JMS   | TII   | 115   | 3 | 7 | 
 | 1AFI  | JMS   | OPI   | 115   | 4 | 3 | 
 | 1AFI  | JMS   | OPI   | 115   | 4 | 5 | 
 | 1GA   | JMS   | TII   | 115   | 4 | 6 | 
 | 1GA   | JMS   | TII   | 115   | 4 | 7 | 
 | 1GA   | JMS   | EA    | 115   | 5 | 2 | 
 | 4ESOE | JRM   | GeH   | 111   | 1 | 1 | 
 | 1BS   | JRM   | HMC   | 501   | 1 | 3 | 
 | 1BSH  | JRM   | HMC   | 501   | 1 | 3 | 
 | 4ESOF | JRM   | GeH   | 514   | 1 | 5 | 
 | 2ESOH | JRM   | GeH   | 417   | 1 | 6 | 
 | 2ESOA | JRM   | GeH   | 422   | 2 | 1 | 
 | 1BS   | JRM   | HMC   | 501   | 2 | 3 | 
 | 1BSH  | JRM   | HMC   | 501   | 2 | 3 | 
 | 4ESOF | JRM   | GeH   | 514   | 2 | 5 | 
 | 2ESOH | JRM   | GeH   | 417   | 2 | 6 | 
 | 2ESOH | JRM   | MUS   | 4S    | 3 | 1 | 
 | 2ESOA | JRM   | GeH   | 422   | 3 | 2 | 
 | 4ESOE | JRM   | GeH   | 111   | 4 | 1 | 
 | 2ESOH | JRM   | GeH   | 417   | 4 | 2 | 
 | 1BS   | JRM   | HMC   | 501   | 4 | 3 | 
 | 1BSH  | JRM   | HMC   | 501   | 4 | 3 | 
 | 2ESOA | JRM   | GeH   | 422   | 5 | 1 | 
 | 4ESOE | JRM   | GeH   | 111   | 5 | 2 | 
 | 2ESOH | JRM   | MUS   | 417   | 5 | 3 | 
 | 1BS   | JRM   | HMC   | 501   | 5 | 6 | 
 | 1BSH  | JRM   | HMC   | 501   | 5 | 6 | 
 | 4ESOF | JRM   | GeH   | 514   | 5 | 7 | 
 | 1ESOI | JSL   | ByG   | 203   | 1 | 1 | 
 | 3ESOD | JSL   | FQU   | 117   | 1 | 2 | 
 | 2ESPA | JSL   | DTEL  |       | 2 | 3 | 
 | 3ESOA | JSL   | FQU   | 311   | 2 | 5 | 
 | 2ESPA | JSL   | DTEL  |       | 2 | 6 | 
 | 1ESOG | JSL   | ByG   | 411   | 2 | 7 | 
 | 2ESPA | JSL   | ACT   |       | 2 | 12 | 
 | 1ESOG | JSL   | ByG   | 411   | 3 | 1 | 
 | 2ESPA | JSL   | DTEL  |       | 3 | 3 | 
 | 2ESPA | JSL   | DTEL  |       | 3 | 5 | 
 | 2ESPA | JSL   | DTEL  |       | 3 | 6 | 
 | 1ESOI | JSL   | ByG   | 203   | 3 | 7 | 
 | 1ESOI | JSL   | ByG   | 203   | 4 | 6 | 
 | 3ESOD | JSL   | FQU   | 117   | 4 | 7 | 
 | 2ESPA | JSL   | ACT   |       | 4 | 11 | 
 | 2ESPA | JSL   | ACT   |       | 4 | 12 | 
 | 3ESOA | JSL   | FQU   | 311   | 5 | 1 | 
 | 1ESOG | JSL   | ByG   | 411   | 5 | 2 | 
 | 4ESOA | JSM   | MAC   | 303   | 1 | 6 | 
 | 2ESOG | JSM   | MAT   | 416   | 1 | 7 | 
 | 1ESOF | JSM   | MAT   | 112   | 2 | 2 | 
 | 2ESOF | JSM   | LIBD2 | 417   | 2 | 3 | 
 | 2ESOG | JSM   | LIBD2 | 417   | 2 | 3 | 
 | 2ESOH | JSM   | LIBD2 | 417   | 2 | 3 | 
 | 4ESOA | JSM   | MAC   | 303   | 2 | 5 | 
 | 2ESOG | JSM   | MAT   | 416   | 2 | 6 | 
 | 1ESOD | JSM   | MAT   | 404   | 2 | 7 | 
 | 1ESOF | JSM   | MAT   | 112   | 3 | 6 | 
 | 1ESOD | JSM   | MAT   | 404   | 3 | 7 | 
 | 1ESOD | JSM   | MAT   | 404   | 4 | 1 | 
 | 2ESOG | JSM   | MAT   | 416   | 4 | 2 | 
 | 1ESOF | JSM   | MAT   | 112   | 4 | 3 | 
 | 4ESOA | JSM   | MAC   | 303   | 4 | 6 | 
 | 2ESOG | JSM   | TUT   | 416   | 4 | 7 | 
 | 4ESOA | JSM   | MAC   | 303   | 5 | 2 | 
 | 1ESOD | JSM   | MAT   | 404   | 5 | 5 | 
 | 1ESOF | JSM   | MAT   | 112   | 5 | 6 | 
 | 2ESOB | LJC   | TUTPM | 414   | 4 | 6 | 
 | 2ESOC | LJC   | TUTPM | 414   | 4 | 6 | 
 | 2GA   | MCP   | EAU   | 100   | 1 | 2 | 
 | 2GA   | MCP   | EAU   | 100   | 1 | 3 | 
 | 1AFI  | MCP   | GDJE  | 116   | 1 | 5 | 
 | 1AFI  | MCP   | RHRSC | 116   | 1 | 6 | 
 | 1ITE  | MCP   | FOL   | 105   | 1 | 7 | 
 | 1ITE  | MCP   | FOL   | 105   | 2 | 1 | 
 | 1AFI  | MCP   | GDJE  | 115   | 2 | 3 | 
 | 2GA   | MCP   | EAU   | 100   | 2 | 5 | 
 | 2GA   | MCP   | EAU   | 100   | 2 | 6 | 
 | 1AFI  | MCP   | RHRSC | 115   | 3 | 2 | 
 | 2GA   | MCP   | EAU   | 100   | 3 | 6 | 
 | 2GA   | MCP   | EAU   | 100   | 3 | 7 | 
 | 1ITE  | MCP   | FOL   | 105   | 4 | 5 | 
 | 1AFI  | MCP   | RHRSC | 116   | 5 | 2 | 
 | 1AFI  | MCP   | GDJE  | 115   | 5 | 3 | 
 | 2GA   | MCP   | EAU   | 100   | 5 | 6 | 
 | 2GA   | MCP   | EAU   | 100   | 5 | 7 | 
 | 2ESOH | MFM   | ING   | 417   | 1 | 3 | 
 | 2AFI  | MFM   | HLC   | 114   | 1 | 5 | 
 | 2GA   | MFM   | HLC   | 100   | 1 | 7 | 
 | 2AFI  | MFM   | HLC   | 114   | 2 | 1 | 
 | 1AFI  | MFM   | ING   | 115   | 2 | 2 | 
 | 3ESOC | MFM   | VE    | 406   | 2 | 5 | 
 | 3ESOD | MFM   | VE    | 406   | 2 | 5 | 
 | 1AFI  | MFM   | ING   | 115   | 3 | 3 | 
 | 2GA   | MFM   | HLC   | 100   | 3 | 5 | 
 | 2ESOH | MFM   | ING   | 417   | 3 | 7 | 
 | 2GA   | MFM   | HLC   | 100   | 4 | 1 | 
 | 1AFI  | MFM   | ING   | 115   | 4 | 2 | 
 | 2AFI  | MFM   | HLC   | 114   | 5 | 5 | 
 | 2ESOH | MFM   | ING   | 417   | 5 | 6 | 
 | 1AFI  | MFM   | ING   | 115   | 5 | 7 | 
 | 3ESOE | MGA   | TEC   | 510   | 1 | 1 | 
 | 2ESOA | MGA   | ROBOT | 510   | 1 | 5 | 
 | 2ESOB | MGA   | ROBOT | 510   | 1 | 5 | 
 | 2ESOC | MGA   | ROBOT | 510   | 1 | 5 | 
 | 2BCT  | MGA   | TIN   | 510   | 1 | 7 | 
 | 4ESOB | MGA   | TEC   | 510   | 2 | 2 | 
 | 4ESOC | MGA   | TEC   | 510   | 2 | 2 | 
 | 4ESOD | MGA   | TEC   | 510   | 2 | 2 | 
 | 2BCT  | MGA   | TIN   | 510   | 2 | 3 | 
 | 2BCT  | MGA   | TIN   | 510   | 3 | 1 | 
 | 4ESOB | MGA   | TEC   | 510   | 3 | 3 | 
 | 4ESOC | MGA   | TEC   | 510   | 3 | 3 | 
 | 4ESOD | MGA   | TEC   | 510   | 3 | 3 | 
 | 2ESOF | MGA   | ROBOT | TIC3  | 3 | 6 | 
 | 2ESOG | MGA   | ROBOT | TIC3  | 3 | 6 | 
 | 2BCT  | MGA   | TIN   | 510   | 4 | 1 | 
 | 3ESOE | MGA   | TEC   | 510   | 4 | 2 | 
 | 4ESOB | MGA   | TEC   | 510   | 4 | 3 | 
 | 4ESOC | MGA   | TEC   | 510   | 4 | 3 | 
 | 4ESOD | MGA   | TEC   | 510   | 4 | 3 | 
 | 3ESOE | MGA   | TEC   | 510   | 5 | 1 | 
 | 2ESOA | MGA   | ROBOT | 510   | 5 | 2 | 
 | 2ESOB | MGA   | ROBOT | 510   | 5 | 2 | 
 | 2ESOC | MGA   | ROBOT | 510   | 5 | 2 | 
 | 2ESOF | MGA   | ROBOT | TIC3  | 5 | 5 | 
 | 2ESOG | MGA   | ROBOT | TIC3  | 5 | 5 | 
 | 1BS   | MGC   | TIYC  | TIC2  | 1 | 5 | 
 | 4ESOF | MGC   | TIC   | TIC3  | 1 | 6 | 
 | 4ESOE | MGC   | TIC   | TIC3  | 1 | 7 | 
 | 1BSH  | MGC   | TIYC  | TIC2  | 2 | 1 | 
 | 1BCT  | MGC   | TIYC  | TIC2  | 2 | 3 | 
 | 2BPA  | MGC   | TIYC  |       | 2 | 10 | 
 | 2BPA  | MGC   | TIYC  |       | 2 | 11 | 
 | 1BPA  | MGC   | TIYC  | TIC2  | 2 | 12 | 
 | 4ESOF | MGC   | TIC   | TIC3  | 3 | 1 | 
 | 4ESOE | MGC   | TIC   | TIC3  | 3 | 2 | 
 | 1BPA  | MGC   | DTEL  |       | 3 | 5 | 
 | 1BS   | MGC   | TIYC  | TIC2  | 3 | 7 | 
 | 1BCT  | MGC   | TIYC  | TIC2  | 4 | 1 | 
 | 1BSH  | MGC   | TIYC  | TIC2  | 4 | 2 | 
 | 2BPA  | MGC   | DTEL  |       | 4 | 5 | 
 | 2BPA  | MGC   | DTEL  |       | 4 | 6 | 
 | 4ESOF | MGC   | TIC   | TIC3  | 4 | 7 | 
 | 4ESOE | MGC   | TIC   | TIC3  | 5 | 6 | 
 | 2BSH  | MGG   | LCL   | 513   | 1 | 1 | 
 | 1ESOD | MGG   | LIBD4 | 404   | 1 | 5 | 
 | 1ESOE | MGG   | LIBD4 | 404   | 1 | 5 | 
 | 1ESOF | MGG   | LIBD4 | 404   | 1 | 5 | 
 | 1ESOG | MGG   | LIBD4 | 404   | 1 | 5 | 
 | 1ESOC | MGG   | MuS   | 403   | 1 | 6 | 
 | 4ESOF | MGG   | LCL   | 514   | 1 | 7 | 
 | 1BA   | MGG   | LCL   | 211   | 2 | 1 | 
 | 1ESOA | MGG   | LIBD4 | 402   | 2 | 5 | 
 | 1ESOB | MGG   | LIBD4 | 402   | 2 | 5 | 
 | 1ESOC | MGG   | LIBD4 | 402   | 2 | 5 | 
 | 4ESOD | MGG   | LCL   | 522   | 2 | 7 | 
 | 1BA   | MGG   | LCL   | 211   | 3 | 1 | 
 | 1ESOC | MGG   | MuS   | 4S    | 3 | 2 | 
 | 1ESOD | MGG   | LIBD4 | 404   | 3 | 5 | 
 | 1ESOE | MGG   | LIBD4 | 404   | 3 | 5 | 
 | 1ESOF | MGG   | LIBD4 | 404   | 3 | 5 | 
 | 1ESOG | MGG   | LIBD4 | 404   | 3 | 5 | 
 | 4ESOF | MGG   | LCL   | 514   | 3 | 6 | 
 | 2BSH  | MGG   | LCL   | 513   | 3 | 7 | 
 | 1BA   | MGG   | LCL   | 211   | 4 | 1 | 
 | 4ESOD | MGG   | LCL   | 522   | 4 | 2 | 
 | 2BSH  | MGG   | LCL   | 513   | 4 | 3 | 
 | 4ESOD | MGG   | LCL   | 522   | 5 | 1 | 
 | 4ESOF | MGG   | LCL   | 514   | 5 | 2 | 
 | 1ESOA | MGG   | LIBD4 | 402   | 5 | 3 | 
 | 1ESOB | MGG   | LIBD4 | 402   | 5 | 3 | 
 | 1ESOC | MGG   | LIBD4 | 402   | 5 | 3 | 
 | 1SMR  | MGL   | APLOF | 102   | 1 | 2 | 
 | 2DAW  | MGL   | DIWEB | 104   | 1 | 3 | 
 | 2DAW  | MGL   | DIWEB | 104   | 1 | 5 | 
 | 1SMR  | MGL   | APLOF | 102   | 2 | 3 | 
 | 1SMR  | MGL   | APLOF | 102   | 2 | 5 | 
 | 2SMR  | MGL   | APLWE | 101   | 2 | 6 | 
 | 2SMR  | MGL   | APLWE | 101   | 2 | 7 | 
 | 2DAW  | MGL   | DIWEB | 104   | 3 | 2 | 
 | 2DAW  | MGL   | DIWEB | 104   | 3 | 3 | 
 | 1SMR  | MGL   | APLOF | 102   | 3 | 6 | 
 | 1SMR  | MGL   | APLOF | 102   | 3 | 7 | 
 | 2SMR  | MGL   | APLWE | 101   | 4 | 2 | 
 | 2SMR  | MGL   | APLWE | 101   | 4 | 3 | 
 | 1SMR  | MGL   | APLOF | 102   | 4 | 5 | 
 | 1SMR  | MGL   | APLOF | 102   | 4 | 6 | 
 | 2DAW  | MGL   | DIWEB | 104   | 5 | 2 | 
 | 2DAW  | MGL   | DIWEB | 104   | 5 | 3 | 
 | 1SMR  | MGL   | APLOF | 102   | 5 | 5 | 
 | 2ESOC | MGR   | EF    | P-2   | 1 | 2 | 
 | 2ESOA | MGR   | EF    | 5S    | 1 | 3 | 
 | 2ESOH | MGR   | EF    | P-2   | 1 | 5 | 
 | 2BS   | MGR   | AFS   | 5S    | 1 | 6 | 
 | 2ESOF | MGR   | EF    | 5S    | 1 | 7 | 
 | 2ESOD | MGR   | EF    | 5S    | 2 | 1 | 
 | 2ESOE | MGR   | EF    | 5S    | 2 | 2 | 
 | 2ESOG | MGR   | EF    | 5S    | 3 | 5 | 
 | 2ESOB | MGR   | EF    | P-3   | 3 | 6 | 
 | 2ESOA | MGR   | EF    | P-2   | 3 | 7 | 
 | 2ESOF | MGR   | EF    | P-2   | 4 | 2 | 
 | 2ESOH | MGR   | EF    | 5S    | 4 | 5 | 
 | 2ESOC | MGR   | EF    | 5S    | 4 | 7 | 
 | 2ESOE | MGR   | EF    | P-1   | 5 | 2 | 
 | 2ESOB | MGR   | EF    | 5S    | 5 | 3 | 
 | 2BS   | MGR   | AFS   | P-3   | 5 | 5 | 
 | 2ESOG | MGR   | EF    | P-1   | 5 | 6 | 
 | 2ESOD | MGR   | EF    | P-1   | 5 | 7 | 
 | 2GA   | MGS   | OAGT  | 100   | 1 | 1 | 
 | 2AFI  | MGS   | GFI   | 114   | 1 | 2 | 
 | 2AFI  | MGS   | GFI   | 114   | 1 | 3 | 
 | 1GA   | MGS   | FOL   | 116   | 2 | 1 | 
 | 2GA   | MGS   | OAGT  | 100   | 2 | 7 | 
 | 2GA   | MGS   | OAGT  | 100   | 3 | 1 | 
 | 2GA   | MGS   | OAGT  | 100   | 3 | 2 | 
 | 1GA   | MGS   | FOL   | 116   | 3 | 3 | 
 | 2AFI  | MGS   | GFI   | 114   | 3 | 6 | 
 | 2GA   | MGS   | OAGT  | 100   | 4 | 2 | 
 | 2GA   | MGS   | OAGT  | 100   | 4 | 3 | 
 | 2AFI  | MGS   | GFI   | 116   | 4 | 5 | 
 | 2AFI  | MGS   | GFI   | 114   | 5 | 1 | 
 | 2AFI  | MGS   | GFI   | 114   | 5 | 2 | 
 | 1GA   | MGS   | FOL   | 116   | 5 | 3 | 
 | 2GA   | MGS   | OAGT  | 100   | 5 | 5 | 
 | 1ESOC | MJF   | GeH   | 403   | 1 | 2 | 
 | 1ESOG | MJF   | GeH   | 411   | 1 | 3 | 
 | 2ESPA | MJF   | DTEL  |       | 1 | 5 | 
 | 2BPA  | MJF   | HES   |       | 2 | 9 | 
 | 2ESPA | MJF   | ASO   |       | 2 | 10 | 
 | 2ESPA | MJF   | ASO   |       | 2 | 11 | 
 | 2ESPA | MJF   | DTEL  |       | 3 | 2 | 
 | 2BPA  | MJF   | DTEL  |       | 3 | 3 | 
 | 2BPA  | MJF   | DTEL  |       | 3 | 5 | 
 | 1ESOG | MJF   | GeH   | 411   | 3 | 6 | 
 | 1ESOG | MJF   | GeH   | 411   | 4 | 1 | 
 | 1ESOC | MJF   | GeH   | 403   | 4 | 2 | 
 | 2ESPA | MJF   | DTEL  |       | 4 | 3 | 
 | 1BPA  | MJF   | HMC   |       | 4 | 9 | 
 | 1BPA  | MJF   | HMC   |       | 4 | 10 | 
 | 2BPA  | MJF   | BTOPA |       | 5 | 2 | 
 | 1BPA  | MJF   | DTEL  |       | 5 | 3 | 
 | 1BPA  | MJF   | DTEL  |       | 5 | 5 | 
 | 1ESOC | MJF   | GeH   | 403   | 5 | 7 | 
 | 3ESOF | MLC   | LCL   | 425   | 1 | 1 | 
 | 2ESOC | MLC   | LCL   | 424   | 1 | 6 | 
 | 3ESOF | MLC   | LCL   | 425   | 2 | 1 | 
 | 1BSH  | MLC   | LCL   | 502   | 2 | 2 | 
 | 3ESOE | MLC   | LCL   | 512   | 2 | 3 | 
 | 4ESOC | MLC   | LCL   | 118   | 2 | 5 | 
 | 1BSH  | MLC   | LCL   | 502   | 3 | 1 | 
 | 2ESOC | MLC   | LCL   | 424   | 3 | 2 | 
 | 3ESOE | MLC   | LCL   | 512   | 3 | 3 | 
 | 3ESOF | MLC   | LCL   | 425   | 3 | 5 | 
 | 2ESOC | MLC   | LCL   | 424   | 4 | 2 | 
 | 3ESOE | MLC   | LCL   | 512   | 4 | 3 | 
 | 3ESOF | MLC   | LCL   | 425   | 4 | 5 | 
 | 4ESOC | MLC   | LCL   | 118   | 4 | 6 | 
 | 1BSH  | MLC   | LCL   | 502   | 5 | 1 | 
 | 4ESOC | MLC   | LCL   | 118   | 5 | 3 | 
 | 2ESOC | MLC   | LCL   | 424   | 5 | 5 | 
 | 3ESOE | MLC   | LCL   | 512   | 5 | 6 | 
 | 2ESPA | MLG   | DTEL  |       | 1 | 8 | 
 | 2BPA  | MLG   | DTEL  |       | 1 | 11 | 
 | 2ESPA | MLG   | ACO   |       | 2 | 9 | 
 | 2BPA  | MLG   | ING   |       | 2 | 12 | 
 | 1BPA  | MLG   | DTEL  |       | 3 | 2 | 
 | 2BPA  | MLG   | DTEL  |       | 3 | 6 | 
 | 2ESPA | MLG   | DTEL  |       | 3 | 7 | 
 | 1BPA  | MLG   | DTEL  |       | 4 | 8 | 
 | 2ESPA | MLG   | ACO   |       | 4 | 9 | 
 | 2ESPA | MLG   | ACO   |       | 4 | 10 | 
 | 1BPA  | MLG   | ING   |       | 4 | 12 | 
 | 2ESPA | MLG   | DTEL  |       | 5 | 2 | 
 | 2ESPA | MLG   | DTEL  |       | 5 | 3 | 
 | 2ESOB | MMG   | GeH   | 423   | 1 | 1 | 
 | 1ESOI | MMG   | GeH   | 203   | 1 | 2 | 
 | 1ESOD | MMG   | GeH   | 404   | 2 | 1 | 
 | 2ESOB | MMG   | GeH   | 423   | 2 | 2 | 
 | 2BSH  | MMG   | GEO   | 513   | 2 | 5 | 
 | 1ESOE | MMG   | GeH   | 405   | 2 | 7 | 
 | 1ESOD | MMG   | GeH   | 404   | 3 | 2 | 
 | 2BSH  | MMG   | GEO   | 513   | 3 | 5 | 
 | 1ESOI | MMG   | TUT   | 203   | 3 | 6 | 
 | 1ESOE | MMG   | GeH   | 405   | 3 | 7 | 
 | 2ESOB | MMG   | GeH   | 423   | 4 | 3 | 
 | 1ESOI | MMG   | GeH   | 203   | 4 | 5 | 
 | 2BSH  | MMG   | GEO   | 513   | 4 | 6 | 
 | 1ESOI | MMG   | GeH   | 203   | 5 | 1 | 
 | 1ESOE | MMG   | GeH   | 405   | 5 | 2 | 
 | 1ESOD | MMG   | GeH   | 404   | 5 | 3 | 
 | 2BSH  | MMG   | GEO   | 513   | 5 | 5 | 
 | 3ESOD | MMR   | FR2   | 117   | 1 | 3 | 
 | 3ESOE | MMR   | FR2   | 117   | 1 | 3 | 
 | 2ESOC | MMR   | FR2   | 424   | 1 | 5 | 
 | 4ESOA | MMR   | FR2   | 303   | 2 | 1 | 
 | 1ESOG | MMR   | FR2   | 411   | 2 | 2 | 
 | 3ESOB | MMR   | FR2   | 406   | 2 | 3 | 
 | 3ESOC | MMR   | FR2   | 406   | 2 | 3 | 
 | 1ESOA | MMR   | FR2   | 402   | 3 | 5 | 
 | 1ESOB | MMR   | FR2   | 402   | 3 | 5 | 
 | 2ESOD | MMR   | FR2   | 414   | 3 | 6 | 
 | 2ESOE | MMR   | FR2   | 414   | 3 | 6 | 
 | 2ESOF | MMR   | FR2   | 414   | 3 | 6 | 
 | 1ESOA | MMR   | FR2   | 402   | 4 | 1 | 
 | 1ESOB | MMR   | FR2   | 402   | 4 | 1 | 
 | 1ESOG | MMR   | FR2   | 411   | 4 | 2 | 
 | 3ESOB | MMR   | FR2   | 406   | 4 | 5 | 
 | 3ESOC | MMR   | FR2   | 406   | 4 | 5 | 
 | 2ESOA | MMR   | LIBD4 | 426   | 4 | 6 | 
 | 2ESOB | MMR   | LIBD4 | 426   | 4 | 6 | 
 | 2ESOC | MMR   | LIBD4 | 426   | 4 | 6 | 
 | 4ESOA | MMR   | FR2   | 303   | 4 | 7 | 
 | 4ESOA | MMR   | FR2   | 303   | 5 | 1 | 
 | 2ESOC | MMR   | FR2   | 424   | 5 | 2 | 
 | 3ESOD | MMR   | FR2   | 117   | 5 | 3 | 
 | 3ESOE | MMR   | FR2   | 117   | 5 | 3 | 
 | 2ESOD | MMR   | FR2   | 414   | 5 | 5 | 
 | 2ESOE | MMR   | FR2   | 414   | 5 | 5 | 
 | 2ESOF | MMR   | FR2   | 414   | 5 | 5 | 
 | 4ESOA | MMR   | TUT   | 303   | 5 | 6 | 
 | 2ESOD | MPN   | VE    | 413   | 1 | 3 | 
 | 2ESOE | MPN   | VE    | 413   | 1 | 3 | 
 | 2ESOF | MPN   | EPVA  | 414   | 1 | 5 | 
 | 2ESOE | MPN   | EPVA  | 415   | 1 | 6 | 
 | 4ESOA | MPN   | EPVA  | 415   | 2 | 2 | 
 | 4ESOC | MPN   | EPVA  | 415   | 2 | 2 | 
 | 4ESOD | MPN   | EPVA  | 415   | 2 | 2 | 
 | 4ESOF | MPN   | EPVA  | 415   | 2 | 2 | 
 | 2ESOC | MPN   | EPVA  | 424   | 2 | 3 | 
 | 2ESOC | MPN   | VE    | 425   | 2 | 6 | 
 | 4ESOE | MPN   | EPVA  | 415   | 2 | 7 | 
 | 4ESOA | MPN   | EPVA  | 415   | 3 | 3 | 
 | 4ESOC | MPN   | EPVA  | 415   | 3 | 3 | 
 | 4ESOD | MPN   | EPVA  | 415   | 3 | 3 | 
 | 4ESOF | MPN   | EPVA  | 415   | 3 | 3 | 
 | 2ESOF | MPN   | EPVA  | 416   | 3 | 5 | 
 | 4ESOE | MPN   | EPVA  | 415   | 3 | 7 | 
 | 2ESOC | MPN   | TUT   | 424   | 4 | 1 | 
 | 2ESOE | MPN   | EPVA  | 414   | 4 | 2 | 
 | 4ESOA | MPN   | EPVA  | 415   | 4 | 3 | 
 | 4ESOC | MPN   | EPVA  | 415   | 4 | 3 | 
 | 4ESOD | MPN   | EPVA  | 415   | 4 | 3 | 
 | 4ESOF | MPN   | EPVA  | 415   | 4 | 3 | 
 | 4ESOE | MPN   | EPVA  | 415   | 5 | 1 | 
 | 1BA   | MPN   | DART  | 211   | 5 | 2 | 
 | 1BA   | MPN   | DART  | 211   | 5 | 3 | 
 | 2ESOC | MPN   | EPVA  | 424   | 5 | 7 | 
 | 3ESOG | MRJ   | ING   | 426   | 1 | 1 | 
 | 3ESOE | MRJ   | ING   | 512   | 1 | 2 | 
 | 1ESOB | MRJ   | ING   | 402   | 1 | 3 | 
 | 3ESOG | MRJ   | ING   | 426   | 2 | 1 | 
 | 1ESOE | MRJ   | ING   | 405   | 2 | 2 | 
 | 3ESOE | MRJ   | ING   | 512   | 2 | 5 | 
 | 1ESOE | MRJ   | ING   | 405   | 3 | 1 | 
 | 3ESOE | MRJ   | ING   | 512   | 3 | 2 | 
 | 1ESOB | MRJ   | ING   | 402   | 3 | 6 | 
 | 3ESOG | MRJ   | ING   | 426   | 3 | 7 | 
 | 1ESOE | MRJ   | ING   | 405   | 4 | 1 | 
 | 3ESOG | MRJ   | ING   | 426   | 4 | 3 | 
 | 1ESOB | MRJ   | ING   | 402   | 4 | 5 | 
 | 3ESOE | MRJ   | ING   | 512   | 4 | 6 | 
 | 1ESOB | MRJ   | TUT   | 402   | 5 | 5 | 
 | 1ESOB | MRJ   | ING   | 402   | 5 | 6 | 
 | 1ESOE | MRJ   | ING   | 405   | 5 | 7 | 
 | 3ESOA | MRM   | VE    | 406   | 1 | 5 | 
 | 3ESOB | MRM   | VE    | 406   | 1 | 5 | 
 | 2ESOG | MRM   | ING   | 416   | 1 | 6 | 
 | 1ESOF | MRM   | ING   | 112   | 1 | 7 | 
 | 2ESOG | MRM   | ING   | 416   | 2 | 5 | 
 | 1ESOG | MRM   | ING   | 411   | 2 | 6 | 
 | 2ESOB | MRM   | AMBLE | 408   | 2 | 7 | 
 | 2ESOC | MRM   | AMBLE | 408   | 2 | 7 | 
 | 1ESOF | MRM   | ING   | 112   | 3 | 2 | 
 | 1ESOG | MRM   | ING   | 411   | 3 | 3 | 
 | 3ESOD | MRM   | LIBD3 | 426   | 3 | 6 | 
 | 3ESOE | MRM   | LIBD3 | 426   | 3 | 6 | 
 | 3ESOF | MRM   | LIBD3 | 426   | 3 | 6 | 
 | 3ESOG | MRM   | LIBD3 | 426   | 3 | 6 | 
 | 2ESOB | MRM   | AMBLE | 408   | 3 | 7 | 
 | 2ESOC | MRM   | AMBLE | 408   | 3 | 7 | 
 | 2ESOG | MRM   | ING   | 416   | 4 | 5 | 
 | 1ESOG | MRM   | ING   | 411   | 4 | 6 | 
 | 1ESOF | MRM   | ING   | 112   | 4 | 7 | 
 | 1ESOF | MRM   | TUT   | 112   | 5 | 2 | 
 | 1ESOG | MRM   | ING   | 411   | 5 | 3 | 
 | 2ESOB | MRM   | AMBLE | TIC1  | 5 | 6 | 
 | 2ESOC | MRM   | AMBLE | TIC1  | 5 | 6 | 
 | 1ESOF | MRM   | ING   | 112   | 5 | 7 | 
 | 2ITE  | MRR   | INSDO | 312   | 1 | 1 | 
 | 1ITE  | MRR   | IEB   | 313   | 1 | 2 | 
 | 2ITE  | MRR   | IMS   | 312   | 1 | 3 | 
 | 2ITE  | MRR   | IMS   | 312   | 1 | 5 | 
 | 2ITE  | MRR   | IMS   | 312   | 2 | 1 | 
 | 2ITE  | MRR   | IMS   | 312   | 2 | 2 | 
 | 1ITE  | MRR   | IEB   | 313   | 2 | 5 | 
 | 1ITE  | MRR   | IEB   | 313   | 2 | 6 | 
 | 2ITE  | MRR   | INSDO | 312   | 3 | 1 | 
 | 1ITE  | MRR   | IEB   | 313   | 3 | 3 | 
 | 1ITE  | MRR   | IEB   | 313   | 3 | 5 | 
 | 2ITE  | MRR   | INSDO | 312   | 3 | 6 | 
 | 1ITE  | MRR   | IEB   | 313   | 4 | 1 | 
 | 2ITE  | MRR   | INSDO | 312   | 4 | 3 | 
 | 2ITE  | MRR   | INSDO | 312   | 4 | 5 | 
 | 4ESOD | MSF   | BYG   | 522   | 1 | 2 | 
 | 3ESOA | MSF   | BYG   | 311   | 1 | 3 | 
 | 1FPB  | MSF   | CAI   | 111   | 1 | 6 | 
 | 3ESOB | MSF   | BYG   | 406   | 2 | 2 | 
 | 3ESOD | MSF   | BYG   | 117   | 2 | 3 | 
 | 3ESOE | MSF   | BYG   | 413   | 2 | 6 | 
 | 1FPB  | MSF   | CAI   | 111   | 2 | 7 | 
 | 1FPB  | MSF   | CAI   | 111   | 3 | 2 | 
 | 3ESOE | MSF   | BYG   | 414   | 3 | 5 | 
 | 4ESOD | MSF   | BYG   | 522   | 3 | 7 | 
 | 1FPB  | MSF   | CAI   | 111   | 4 | 2 | 
 | 3ESOD | MSF   | BYG   | 117   | 4 | 3 | 
 | 3ESOB | MSF   | BYG   | 406   | 4 | 7 | 
 | 3ESOA | MSF   | BYG   | 311   | 5 | 5 | 
 | 1FPB  | MSF   | CAI   | 111   | 5 | 6 | 
 | 4ESOD | MSF   | BYG   | 522   | 5 | 7 | 
 | 1DAW  | MSM   | LMSGI | 103   | 1 | 3 | 
 | 1DAW  | MSM   | LMSGI | 103   | 1 | 5 | 
 | 2DAW  | MSM   | DWESE | 104   | 1 | 6 | 
 | 2DAW  | MSM   | DWESE | 104   | 1 | 7 | 
 | 4ESOD | MSM   | TIC   | TIC1  | 2 | 2 | 
 | 2DAW  | MSM   | DWESE | 104   | 2 | 6 | 
 | 2DAW  | MSM   | DWESE | 104   | 2 | 7 | 
 | 4ESOD | MSM   | TIC   | TIC1  | 3 | 3 | 
 | 1SMR  | MSM   | MOMAE |       | 3 | 5 | 
 | 2DAW  | MSM   | DWESE | 104   | 3 | 6 | 
 | 2DAW  | MSM   | DWESE | 104   | 3 | 7 | 
 | 2DAW  | MSM   | DWESE | 104   | 4 | 1 | 
 | 2DAW  | MSM   | DWESE | 104   | 4 | 2 | 
 | 4ESOD | MSM   | TIC   | TIC1  | 4 | 3 | 
 | 1DAW  | MSM   | LMSGI | 103   | 4 | 6 | 
 | 1DAW  | MSM   | LMSGI | 103   | 4 | 7 | 
 | 1SMR  | MSM   | MOMAE |       | 5 | 1 | 
 | 1SMR  | MSM   | MOMAE |       | 5 | 2 | 
 | 1BCT  | MSS   | TIN   | 510   | 1 | 2 | 
 | 2ESOD | MSS   | ROBOT | 510   | 3 | 6 | 
 | 2ESOE | MSS   | ROBOT | 510   | 3 | 6 | 
 | 2ESOH | MSS   | ROBOT | 510   | 3 | 6 | 
 | 1BCT  | MSS   | TIN   | 510   | 5 | 3 | 
 | 2ESOD | MSS   | ROBOT | 510   | 5 | 5 | 
 | 2ESOE | MSS   | ROBOT | 510   | 5 | 5 | 
 | 2ESOH | MSS   | ROBOT | 510   | 5 | 5 | 
 | 2BS   | MSV   | HES   | 521   | 1 | 1 | 
 | 2BSH  | MSV   | HES   | 513   | 1 | 2 | 
 | 4ESOC | MSV   | GeH   | 118   | 1 | 3 | 
 | 2ESOD | MSV   | GeH   | 412   | 1 | 7 | 
 | 2ESOD | MSV   | GeH   | 412   | 2 | 3 | 
 | 2BS   | MSV   | HES   | 521   | 2 | 5 | 
 | 1ESOD | MSV   | CSG   | 404   | 2 | 6 | 
 | 1ESOE | MSV   | CSG   | 404   | 2 | 6 | 
 | 1ESOF | MSV   | CSG   | 404   | 2 | 6 | 
 | 2BSH  | MSV   | HES   | 513   | 2 | 7 | 
 | 4ESOC | MSV   | GeH   | 118   | 3 | 7 | 
 | 2BS   | MSV   | HES   | 521   | 4 | 1 | 
 | 4ESOC | MSV   | GeH   | 118   | 4 | 2 | 
 | 1ESOD | MSV   | CSG   | 404   | 4 | 6 | 
 | 1ESOE | MSV   | CSG   | 404   | 4 | 6 | 
 | 1ESOF | MSV   | CSG   | 404   | 4 | 6 | 
 | 2BSH  | MSV   | HES   | 513   | 4 | 7 | 
 | 2ESOD | MSV   | GeH   | 412   | 5 | 1 | 
 | 4ESOC | PGT   | REL   | 118   | 1 | 1 | 
 | 2ESOD | PGT   | REL   | 412   | 1 | 3 | 
 | 2ESOE | PGT   | REL   | 412   | 1 | 3 | 
 | 3ESOA | PGT   | REL   | 311   | 1 | 5 | 
 | 3ESOB | PGT   | REL   | 311   | 1 | 5 | 
 | 1ESOE | PGT   | REL   | 112   | 1 | 6 | 
 | 1ESOF | PGT   | REL   | 112   | 1 | 6 | 
 | 1ESOI | POV   | ING   | 203   | 1 | 3 | 
 | 3ESOB | POV   | ING   | 406   | 1 | 6 | 
 | 1ESOA | POV   | ING   | 401   | 2 | 2 | 
 | 1ESOI | POV   | ING   | 203   | 2 | 3 | 
 | 3ESOF | POV   | ING   | 425   | 2 | 5 | 
 | 3ESOB | POV   | TUT   | 406   | 2 | 7 | 
 | 1ESOA | POV   | ING   | 401   | 3 | 1 | 
 | 1ESOI | POV   | ING   | 203   | 3 | 2 | 
 | 3ESOF | POV   | ING   | 425   | 3 | 3 | 
 | 3ESOB | POV   | ING   | 406   | 3 | 6 | 
 | 3ESOF | POV   | ING   | 425   | 4 | 2 | 
 | 3ESOB | POV   | ING   | 406   | 4 | 3 | 
 | 1ESOA | POV   | ING   | 401   | 5 | 1 | 
 | 3ESOF | POV   | ING   | 425   | 5 | 2 | 
 | 1ESOI | POV   | ING   | 203   | 5 | 3 | 
 | 3ESOB | POV   | ING   | 406   | 5 | 6 | 
 | 1DAW  | PRA   | SIINF | 103   | 1 | 1 | 
 | 1DAW  | PRA   | SIINF | 103   | 1 | 2 | 
 | 1SMR  | PRA   | SIOPM | 102   | 2 | 1 | 
 | 1SMR  | PRA   | SIOPM | 102   | 2 | 2 | 
 | 2SMR  | PRA   | SIOPR | 101   | 2 | 3 | 
 | 2SMR  | PRA   | SIOPR | 101   | 2 | 5 | 
 | 1SMR  | PRA   | SIOPM | 102   | 3 | 1 | 
 | 1SMR  | PRA   | SIOPM | 102   | 3 | 2 | 
 | 2SMR  | PRA   | SIOPR | 101   | 3 | 5 | 
 | 2SMR  | PRA   | SIOPR | 101   | 3 | 6 | 
 | 1DAW  | PRA   | SIINF | 103   | 4 | 1 | 
 | 1DAW  | PRA   | SIINF | 103   | 4 | 2 | 
 | 1SMR  | PRA   | SIOPM | 102   | 4 | 3 | 
 | 2SMR  | PRA   | SIOPR | 101   | 4 | 5 | 
 | 1DAW  | PRA   | SIINF | 103   | 5 | 1 | 
 | 1DAW  | PRA   | SIINF | 103   | 5 | 2 | 
 | 2SMR  | PRA   | SIOPR | 101   | 5 | 3 | 
 | 2SMR  | PRA   | SIOPR | 101   | 5 | 5 | 
 | 3ESOF | PSR   | MAC   | 425   | 1 | 5 | 
 | 1ESOH | PSR   | LIBD2 | 202   | 2 | 6 | 
 | 1ESOI | PSR   | LIBD2 | 202   | 2 | 6 | 
 | 3ESOF | PSR   | MAC   | 425   | 3 | 1 | 
 | 3ESOF | PSR   | MAC   | 425   | 4 | 1 | 
 | 1ESOH | PSR   | LIBD2 | 202   | 5 | 2 | 
 | 1ESOI | PSR   | LIBD2 | 202   | 5 | 2 | 
 | 3ESOF | PSR   | MAC   | 425   | 5 | 5 | 
 | 3ESOC | RCG   | EF    | P-2   | 1 | 1 | 
 | 1ESOB | RCG   | EF    | P-1   | 1 | 2 | 
 | 2ESOB | RCG   | TEC   | 423   | 1 | 2 | 
 | 4ESOF | RCG   | EF    | P-3   | 1 | 3 | 
 | 1ESOI | RCG   | EF    | P-1   | 1 | 5 | 
 | 3ESOA | RCG   | TEC   | 301   | 1 | 6 | 
 | 3ESOF | RCG   | TEC   | 425   | 1 | 7 | 
 | 4ESOE | RCG   | EF    | P-1   | 2 | 1 | 
 | 2BCT  | RCG   | AFS   | P-3   | 2 | 2 | 
 | 1ESOA | RCG   | EF    | P-1   | 2 | 3 | 
 | 2ESOA | RCG   | TEC   | 301   | 2 | 3 | 
 | 2ESOC | RCG   | TEC   | 424   | 2 | 5 | 
 | 2ESOD | RCG   | TEC   | 412   | 2 | 6 | 
 | 3ESOA | RCG   | TEC   | 301   | 2 | 7 | 
 | 4ESOC | RCG   | EF    | 5S    | 3 | 1 | 
 | 1ESOB | RCG   | EF    | P-1   | 3 | 2 | 
 | 2BSH  | RCG   | AFS   | 5S    | 3 | 3 | 
 | 2ESOA | RCG   | TEC   | 422   | 3 | 5 | 
 | 2ESOC | RCG   | TEC   | 301   | 3 | 6 | 
 | 3ESOF | RCG   | TEC   | 301   | 3 | 7 | 
 | 3ESOA | RCG   | TEC   | 311   | 4 | 3 | 
 | 4ESOE | RCG   | EF    | 5S    | 4 | 3 | 
 | 1ESOA | RCG   | EF    | P-1   | 4 | 5 | 
 | 2ESOD | RCG   | TEC   | 301   | 4 | 5 | 
 | 3ESOF | RCG   | TEC   | 416   | 4 | 6 | 
 | 1ESOI | RCG   | EF    | P-1   | 4 | 7 | 
 | 2ESOB | RCG   | TEC   | 423   | 4 | 7 | 
 | 4ESOF | RCG   | EF    | 5S    | 5 | 1 | 
 | 2BCT  | RCG   | AFS   | 5S    | 5 | 2 | 
 | 2ESOC | RCG   | TEC   | 301   | 5 | 3 | 
 | 2BSH  | RCG   | AFS   | P-3   | 5 | 3 | 
 | 2ESOA | RCG   | TEC   | 301   | 5 | 5 | 
 | 2ESOD | RCG   | TEC   | 301   | 5 | 6 | 
 | 4ESOC | RCG   | EF    | P-3   | 5 | 6 | 
 | 2ESOB | RCG   | TEC   | 301   | 5 | 7 | 
 | 3ESOC | RCG   | EF    | 5S    | 5 | 7 | 
 | 4ESOB | RGC   | REL   | 525   | 1 | 1 | 
 | 1ESOG | RGC   | REL   | 411   | 1 | 2 | 
 | 4ESOE | RGC   | REL   | 111   | 1 | 3 | 
 | 2BCT  | RGC   | REL   | 526   | 1 | 5 | 
 | 1ESOA | RGC   | REL   | 402   | 2 | 1 | 
 | 1ESOB | RGC   | REL   | 402   | 2 | 1 | 
 | 3ESOG | RGC   | REL   | 426   | 2 | 3 | 
 | 3ESOD | RGC   | REL   | 117   | 2 | 5 | 
 | 2ESOB | RGC   | REL   | 423   | 2 | 6 | 
 | 2ESOA | RGC   | REL   | 423   | 2 | 6 | 
 | 1FPB  | RHM   | ATECL | 314   | 1 | 1 | 
 | 1AFI  | RHM   | CYAC  | 115   | 1 | 3 | 
 | 2GA   | RHM   | OARH  | 100   | 1 | 5 | 
 | 1AFI  | RHM   | CYAC  | 115   | 2 | 1 | 
 | 2GA   | RHM   | OARH  | 100   | 2 | 2 | 
 | 2GA   | RHM   | OARH  | 100   | 2 | 3 | 
 | 1AFI  | RHM   | CYAC  | 115   | 3 | 1 | 
 | 2GA   | RHM   | OARH  | 100   | 3 | 3 | 
 | 2FPB  | RHM   | PPVP  |       | 3 | 5 | 
 | 1AFI  | RHM   | CYAC  | 115   | 4 | 1 | 
 | 1FPB  | RHM   | TAB   |       | 4 | 3 | 
 | 2GA   | RHM   | OARH  | 100   | 4 | 5 | 
 | 1AFI  | RHM   | CYAC  | 115   | 5 | 1 | 
 | 2GA   | RHM   | OARH  | 100   | 5 | 3 | 
 | 1FPB  | RHM   | ATECL | 314   | 5 | 7 | 
 | 1ESOC | RIG   | LCL   | 403   | 1 | 1 | 
 | 3ESOB | RIG   | LCL   | 406   | 1 | 2 | 
 | 3ESOD | RIG   | CLAI  | 426   | 1 | 3 | 
 | 3ESOE | RIG   | CLAI  | 426   | 1 | 3 | 
 | 3ESOF | RIG   | CLAI  | 426   | 1 | 3 | 
 | 3ESOG | RIG   | CLAI  | 426   | 1 | 3 | 
 | 1ESOD | RIG   | LIBD6 | 407   | 1 | 5 | 
 | 1ESOE | RIG   | LIBD6 | 407   | 1 | 5 | 
 | 1ESOF | RIG   | LIBD6 | 407   | 1 | 5 | 
 | 1ESOG | RIG   | LIBD6 | 407   | 1 | 5 | 
 | 3ESOB | RIG   | LCL   | 406   | 2 | 1 | 
 | 4ESOE | RIG   | LCL   | 111   | 2 | 2 | 
 | 1ESOD | RIG   | LIBD6 | 407   | 3 | 5 | 
 | 1ESOE | RIG   | LIBD6 | 407   | 3 | 5 | 
 | 1ESOF | RIG   | LIBD6 | 407   | 3 | 5 | 
 | 1ESOG | RIG   | LIBD6 | 407   | 3 | 5 | 
 | 1ESOC | RIG   | LCL   | 403   | 3 | 7 | 
 | 3ESOB | RIG   | LCL   | 406   | 4 | 1 | 
 | 1ESOC | RIG   | LCL   | 403   | 4 | 3 | 
 | 1ESOC | RIG   | TUT   | 403   | 4 | 5 | 
 | 2ESOA | RIG   | LIBD1 | 422   | 4 | 6 | 
 | 2ESOC | RIG   | LIBD1 | 422   | 4 | 6 | 
 | 2ESOD | RIG   | LIBD1 | 422   | 4 | 6 | 
 | 4ESOE | RIG   | LCL   | 111   | 4 | 7 | 
 | 3ESOB | RIG   | LCL   | 406   | 5 | 1 | 
 | 1ESOC | RIG   | LCL   | 403   | 5 | 2 | 
 | 3ESOD | RIG   | CLAI  | 425   | 5 | 3 | 
 | 3ESOE | RIG   | CLAI  | 425   | 5 | 3 | 
 | 3ESOF | RIG   | CLAI  | 425   | 5 | 3 | 
 | 3ESOG | RIG   | CLAI  | 425   | 5 | 3 | 
 | 4ESOE | RIG   | LCL   | 111   | 5 | 7 | 
 | 2ESOF | RLT   | GeH   | 414   | 1 | 1 | 
 | 4ESOA | RLT   | GeH   | 303   | 1 | 2 | 
 | 1ESOH | RLT   | GeH   | 202   | 1 | 3 | 
 | 2ESOF | RLT   | GeH   | 414   | 2 | 2 | 
 | 2BSH  | RLT   | HAR   | TIC2  | 2 | 5 | 
 | 4ESOD | RLT   | GeH   | 522   | 2 | 6 | 
 | 1ESOH | RLT   | TUT   | 202   | 2 | 7 | 
 | 4ESOA | RLT   | GeH   | 303   | 3 | 1 | 
 | 2BSH  | RLT   | HAR   | TIC2  | 3 | 5 | 
 | 4ESOD | RLT   | GeH   | 522   | 3 | 6 | 
 | 1ESOH | RLT   | GeH   | 202   | 3 | 7 | 
 | 4ESOA | RLT   | GeH   | 303   | 4 | 5 | 
 | 2BSH  | RLT   | HAR   | TIC1  | 4 | 6 | 
 | 1ESOH | RLT   | GeH   | 202   | 4 | 7 | 
 | 2BSH  | RLT   | HAR   | TIC1  | 5 | 5 | 
 | 4ESOD | RLT   | GeH   | 522   | 5 | 6 | 
 | 2ESOF | RLT   | GeH   | 414   | 5 | 7 | 
 | 1BCT  | RMM   | ANAP  | 201   | 1 | 2 | 
 | 1ESOE | RMM   | ByG   | 405   | 1 | 3 | 
 | 1ESOA | RMM   | ByG   | 401   | 1 | 6 | 
 | 1ESOH | RMM   | ByG   | 202   | 1 | 7 | 
 | 1ESOD | RMM   | ByG   | 404   | 2 | 3 | 
 | 1ESOA | RMM   | ByG   | 401   | 2 | 6 | 
 | 1ESOF | RMM   | ByG   | 112   | 2 | 7 | 
 | 1ESOE | RMM   | ByG   | 405   | 3 | 2 | 
 | 1ESOH | RMM   | ByG   | 202   | 3 | 6 | 
 | 1ESOF | RMM   | ByG   | 112   | 3 | 7 | 
 | 1ESOD | RMM   | ByG   | 404   | 4 | 3 | 
 | 1ESOE | RMM   | ByG   | 405   | 4 | 5 | 
 | 2ESOD | RMM   | LIBD4 | 412   | 4 | 6 | 
 | 2ESOE | RMM   | LIBD4 | 412   | 4 | 6 | 
 | 1ESOA | RMM   | ByG   | 401   | 4 | 7 | 
 | 1ESOD | RMM   | ByG   | 404   | 5 | 2 | 
 | 1BCT  | RMM   | ANAP  | 201   | 5 | 3 | 
 | 1ESOF | RMM   | ByG   | 112   | 5 | 5 | 
 | 1ESOH | RMM   | ByG   | 202   | 5 | 7 | 
 | 1ESOD | RMS   | MuS   | 404   | 1 | 1 | 
 | 1ESOF | RMS   | MuS   | 4S    | 1 | 2 | 
 | 1ESOG | RMS   | MuS   | 411   | 2 | 1 | 
 | 1ESOB | RMS   | MuS   | 4S    | 2 | 2 | 
 | 1ESOE | RMS   | MuS   | 4S    | 2 | 3 | 
 | 1ESOH | RMS   | MuS   | 202   | 3 | 1 | 
 | 1ESOA | RMS   | MuS   | 401   | 3 | 3 | 
 | 1ESOF | RMS   | MuS   | 112   | 4 | 1 | 
 | 1ESOB | RMS   | MuS   | 402   | 4 | 3 | 
 | 1ESOG | RMS   | MuS   | 4S    | 4 | 5 | 
 | 1ESOE | RMS   | MuS   | 405   | 5 | 1 | 
 | 1ESOA | RMS   | MuS   | 4S    | 5 | 2 | 
 | 1ESOH | RMS   | MuS   | 4S    | 5 | 5 | 
 | 1ESOD | RMS   | MuS   | 4S    | 5 | 6 | 
 | 1ESOC | RPR   | ING   | 403   | 1 | 5 | 
 | 1BS   | RPR   | ING   | 501   | 1 | 6 | 
 | 1BCT  | RPR   | ING   | 201   | 1 | 7 | 
 | 1ESOC | RPR   | ING   | 403   | 2 | 3 | 
 | 4ESOA | RPR   | ING   | 303   | 2 | 6 | 
 | 2ESOC | RPR   | ING   | 424   | 2 | 7 | 
 | 1BCT  | RPR   | ING   | 201   | 3 | 2 | 
 | 1ESOC | RPR   | ING   | 403   | 3 | 3 | 
 | 4ESOA | RPR   | ING   | 303   | 3 | 5 | 
 | 2ESOC | RPR   | ING   | 424   | 3 | 7 | 
 | 4ESOA | RPR   | ING   | 303   | 4 | 2 | 
 | 1BCT  | RPR   | ING   | 201   | 4 | 3 | 
 | 2ESOC | RPR   | LIBD3 | TIC2  | 4 | 6 | 
 | 2ESOD | RPR   | LIBD3 | TIC2  | 4 | 6 | 
 | 2ESOE | RPR   | LIBD3 | TIC2  | 4 | 6 | 
 | 1BS   | RPR   | ING   | 501   | 4 | 7 | 
 | 4ESOA | RPR   | ING   | 303   | 5 | 3 | 
 | 1ESOC | RPR   | ING   | 403   | 5 | 5 | 
 | 2ESOC | RPR   | ING   | 424   | 5 | 6 | 
 | 1BS   | RPR   | ING   | 501   | 5 | 7 | 
 | 3ESOB | RTO   | TUTPM | 525   | 3 | 3 | 
 | 3ESOC | RTO   | TUTPM | 525   | 3 | 3 | 
 | 2ESOA | SBR   | ING   | 422   | 1 | 2 | 
 | 1BSH  | SBR   | ING   | 502   | 1 | 5 | 
 | 4ESOD | SBR   | ING   | 522   | 1 | 6 | 
 | 2ESOF | SBR   | LIBD3 | 422   | 2 | 3 | 
 | 2ESOG | SBR   | LIBD3 | 422   | 2 | 3 | 
 | 2ESOH | SBR   | LIBD3 | 422   | 2 | 3 | 
 | 4ESOD | SBR   | ING   | TIC1  | 2 | 5 | 
 | 1BA   | SBR   | ING   | 211   | 2 | 6 | 
 | 2ESOB | SBR   | ING   | 423   | 2 | 7 | 
 | 4ESOD | SBR   | ING   | 522   | 3 | 5 | 
 | 2ESOA | SBR   | ING   | TIC1  | 3 | 6 | 
 | 2ESOB | SBR   | ING   | 423   | 3 | 7 | 
 | 1BA   | SBR   | ING   | 211   | 4 | 2 | 
 | 2ESOA | SBR   | ING   | 422   | 4 | 3 | 
 | 1BSH  | SBR   | ING   | 502   | 4 | 5 | 
 | 2ESOA | SBR   | LIBD3 | 425   | 4 | 6 | 
 | 2ESOB | SBR   | LIBD3 | 425   | 4 | 6 | 
 | 4ESOD | SBR   | ING   | 522   | 4 | 7 | 
 | 1BSH  | SBR   | ING   | TIC2  | 5 | 5 | 
 | 2ESOB | SBR   | ING   | TIC2  | 5 | 6 | 
 | 1BA   | SBR   | ING   | TIC2  | 5 | 7 | 
 | 2ESOA | SMC   | FR2   | 423   | 1 | 5 | 
 | 2ESOB | SMC   | FR2   | 423   | 1 | 5 | 
 | 1BSH  | SMC   | FR2   | 211   | 1 | 6 | 
 | 4ESOD | SMC   | FR2   | 422   | 1 | 7 | 
 | 4ESOD | SMC   | FR2   | 203   | 2 | 1 | 
 | 1ESOH | SMC   | FR2   | 201   | 2 | 2 | 
 | 1ESOI | SMC   | FR2   | 201   | 2 | 2 | 
 | 4ESOB | SMC   | FR2   | 201   | 2 | 5 | 
 | 1ESOD | SMC   | FR2   | 405   | 2 | 6 | 
 | 1ESOE | SMC   | FR2   | 405   | 2 | 6 | 
 | 1BCT  | SMC   | FR2   | 201   | 3 | 3 | 
 | 2ESOG | SMC   | FR2   | 422   | 3 | 6 | 
 | 2ESOH | SMC   | FR2   | 422   | 3 | 6 | 
 | 4ESOB | SMC   | FR2   | 422   | 3 | 7 | 
 | 1BSH  | SMC   | FR2   | 201   | 4 | 1 | 
 | 1ESOH | SMC   | FR2   | 201   | 4 | 2 | 
 | 1ESOI | SMC   | FR2   | 201   | 4 | 2 | 
 | 1ESOD | SMC   | FR2   | 405   | 4 | 6 | 
 | 1ESOE | SMC   | FR2   | 405   | 4 | 6 | 
 | 2ESOA | SMC   | FR2   | 423   | 5 | 2 | 
 | 2ESOB | SMC   | FR2   | 423   | 5 | 2 | 
 | 4ESOD | SMC   | FR2   | 422   | 5 | 3 | 
 | 2ESOG | SMC   | FR2   | 422   | 5 | 5 | 
 | 2ESOH | SMC   | FR2   | 422   | 5 | 5 | 
 | 4ESOB | SMC   | FR2   | 423   | 5 | 6 | 
 | 1BCT  | SMC   | FR2   | TIC3  | 5 | 7 | 
 | 2ESOG | SRE   | EPVA  | 415   | 1 | 3 | 
 | 1BA   | SRE   | CAU   | TIC2  | 1 | 6 | 
 | 2ESOA | SRE   | EPVA  | 415   | 1 | 7 | 
 | 2ESOH | SRE   | EPVA  | 415   | 2 | 1 | 
 | 2ESOB | SRE   | TUT   | 423   | 2 | 3 | 
 | 2ESOB | SRE   | EPVA  | 415   | 2 | 5 | 
 | 2ESOA | SRE   | VE    | 422   | 2 | 6 | 
 | 2ESOB | SRE   | VE    | 422   | 2 | 6 | 
 | 1BA   | SRE   | CAU   | TIC2  | 2 | 7 | 
 | 2ESOD | SRE   | EPVA  | 415   | 3 | 1 | 
 | 2ESOG | SRE   | VE    | 413   | 3 | 2 | 
 | 1BA   | SRE   | CAU   | TIC2  | 3 | 3 | 
 | 2ESOB | SRE   | EPVA  | 415   | 4 | 1 | 
 | 2ESOG | SRE   | EPVA  | 415   | 4 | 6 | 
 | 2ESOH | SRE   | EPVA  | 415   | 4 | 7 | 
 | 1BA   | SRE   | CAU   | TIC2  | 5 | 1 | 
 | 2ESOD | SRE   | EPVA  | 415   | 5 | 2 | 
 | 2ESOA | SRE   | EPVA  | 415   | 5 | 3 | 
 | 1SMR  | TGU   | FOL   | 102   | 1 | 1 | 
 | 2ITE  | TGU   | EINEM | 105   | 1 | 2 | 
 | 2SMR  | TGU   | EINEM | 101   | 1 | 5 | 
 | 1DAW  | TGU   | FOL   | 103   | 2 | 1 | 
 | 2DAW  | TGU   | EINEM | 104   | 2 | 2 | 
 | 2ITE  | TGU   | EINEM | 105   | 2 | 3 | 
 | 1DAW  | TGU   | FOL   | 103   | 3 | 1 | 
 | 2ITE  | TGU   | EINEM | 105   | 3 | 2 | 
 | 2SMR  | TGU   | EINEM | 101   | 3 | 3 | 
 | 2DAW  | TGU   | EINEM | 104   | 3 | 5 | 
 | 2SMR  | TGU   | EINEM | 101   | 4 | 1 | 
 | 1SMR  | TGU   | FOL   | 102   | 4 | 2 | 
 | 2DAW  | TGU   | EINEM | 104   | 4 | 6 | 
 | 2DAW  | TGU   | EINEM | 104   | 5 | 1 | 
 | 2ITE  | TGU   | EINEM | 105   | 5 | 2 | 
 | 1SMR  | TGU   | FOL   | 102   | 5 | 3 | 
 | 1DAW  | TGU   | FOL   | 103   | 5 | 5 | 
 | 2SMR  | TGU   | EINEM | 101   | 5 | 6 | 
 | 4ESOD | VPC   | ECO   | 522   | 1 | 1 | 
 | 2BS   | VPC   | ECE   | 521   | 1 | 2 | 
 | 2BSH  | VPC   | ECE   | 513   | 1 | 3 | 
 | 4ESOC | VPC   | ECO   | 118   | 1 | 6 | 
 | 4ESOC | VPC   | ECO   | 118   | 2 | 1 | 
 | 2BS   | VPC   | ECE   | 521   | 2 | 2 | 
 | 4ESOD | VPC   | ECO   | 522   | 3 | 1 | 
 | 2BS   | VPC   | ECE   | 521   | 3 | 2 | 
 | 1BS   | VPC   | CEYE  | 501   | 3 | 3 | 
 | 2BSH  | VPC   | ECE   | 513   | 3 | 6 | 
 | 4ESOD | VPC   | ECO   | 522   | 4 | 1 | 
 | 2BS   | VPC   | ECE   | 521   | 4 | 2 | 
 | 2BSH  | VPC   | ECE   | 513   | 4 | 5 | 
 | 1BS   | VPC   | CEYE  | 501   | 5 | 1 | 
 | 4ESOC | VPC   | ECO   | 118   | 5 | 2 | 
 | 4ESOD | VPC   | TUT   | 522   | 5 | 5 | 
 | 2BSH  | VPC   | ECE   | 513   | 5 | 6 | 
